npi,kmeans_cluster
1,1
2,3
3,5
4,4
5,4
6,3
7,5
8,4
9,1
10,2
11,1
12,4
13,4
14,5
15,4
16,1
17,2
18,4
19,2
20,5
21,4
22,4
23,4
24,4
25,5
26,4
27,2
28,4
29,4
30,2
31,4
32,2
33,4
34,1
35,2
36,4
37,4
38,4
39,4
40,1
41,1
42,4
43,4
44,1
45,4
46,4
47,1
48,4
49,4
50,4
51,3
52,4
53,1
54,1
55,4
56,2
57,4
58,4
59,5
60,1
61,4
62,5
63,2
64,4
65,4
66,5
67,5
68,3
69,1
70,5
71,5
72,4
73,4
74,4
75,5
76,5
77,4
78,2
79,4
80,4
81,2
82,4
83,5
84,3
85,4
86,4
87,1
88,4
89,5
90,1
91,5
92,4
93,1
94,4
95,4
96,5
97,4
98,4
99,2
100,4
101,4
102,3
103,2
104,4
105,4
106,4
107,5
108,1
109,4
110,2
111,4
112,5
113,4
114,3
115,5
116,4
117,4
118,2
119,2
120,1
121,2
122,2
123,2
124,5
125,3
126,2
127,2
128,2
129,4
130,4
131,4
132,4
133,2
134,5
135,5
136,1
137,5
138,4
139,2
140,2
141,5
142,4
143,4
144,4
145,4
146,1
147,4
148,4
149,4
150,2
151,4
152,5
153,5
154,4
155,1
156,4
157,4
158,4
159,2
160,4
161,2
162,4
163,4
164,4
165,4
166,3
167,4
168,2
169,5
170,1
171,4
172,4
173,4
174,4
175,4
176,1
177,3
178,4
179,4
180,4
181,1
182,5
183,5
184,4
185,2
186,4
187,1
188,4
189,2
190,4
191,4
192,4
193,4
194,2
195,4
196,1
197,2
198,5
199,4
200,5
201,3
202,5
203,1
204,4
205,4
206,1
207,5
208,2
209,4
210,2
211,1
212,1
213,1
214,5
215,1
216,5
217,4
218,1
219,3
220,2
221,1
222,4
223,2
224,4
225,4
226,4
227,2
228,1
229,2
230,1
231,4
232,5
233,2
234,4
235,4
236,5
237,4
238,4
239,4
240,4
241,1
242,3
243,2
244,4
245,5
246,1
247,5
248,3
249,2
250,4
251,4
252,4
253,2
254,2
255,4
256,5
257,2
258,4
259,5
260,4
261,5
262,4
263,4
264,2
265,4
266,2
267,4
268,4
269,2
270,5
271,2
272,4
273,5
274,4
275,5
276,4
277,4
278,2
279,5
280,4
281,4
282,4
283,4
284,4
285,4
286,2
287,5
288,4
289,1
290,5
291,3
292,1
293,1
294,5
295,4
296,4
297,3
298,4
299,4
300,4
301,5
302,4
303,1
304,2
305,5
306,4
307,4
308,2
309,1
310,4
311,1
312,4
313,3
314,2
315,5
316,2
317,5
318,1
319,5
320,4
321,2
322,5
323,4
324,4
325,2
326,2
327,4
328,4
329,5
330,5
331,4
332,2
333,4
334,5
335,5
336,4
337,4
338,1
339,2
340,4
341,4
342,4
343,4
344,5
345,1
346,1
347,4
348,4
349,3
350,4
351,5
352,5
353,4
354,5
355,4
356,4
357,5
358,1
359,5
360,3
361,4
362,5
363,4
364,3
365,4
366,1
367,1
368,4
369,4
370,4
371,1
372,4
373,4
374,4
375,5
376,4
377,5
378,2
379,3
380,2
381,5
382,2
383,4
384,4
385,5
386,4
387,4
388,2
389,1
390,5
391,3
392,1
393,3
394,4
395,4
396,4
397,4
398,5
399,5
400,2
401,4
402,4
403,4
404,1
405,3
406,1
407,5
408,5
409,2
410,4
411,4
412,4
413,3
414,2
415,3
416,5
417,1
418,4
419,4
420,4
421,2
422,2
423,1
424,1
425,5
426,2
427,4
428,4
429,2
430,3
431,2
432,4
433,1
434,4
435,1
436,3
437,5
438,4
439,3
440,4
441,1
442,4
443,4
444,4
445,4
446,2
447,2
448,1
449,5
450,4
451,4
452,4
453,1
454,1
455,4
456,2
457,3
458,4
459,4
460,4
461,1
462,4
463,4
464,1
465,4
466,4
467,3
468,4
469,4
470,2
471,3
472,4
473,5
474,5
475,4
476,4
477,4
478,4
479,4
480,2
481,1
482,5
483,4
484,4
485,4
486,4
487,1
488,4
489,4
490,1
491,1
492,1
493,2
494,2
495,4
496,4
497,4
498,2
499,3
500,4
501,4
502,1
503,1
504,2
505,4
506,3
507,2
508,5
509,5
510,1
511,4
512,4
513,1
514,5
515,4
516,3
517,4
518,4
519,1
520,2
521,3
522,5
523,4
524,4
525,1
526,4
527,5
528,3
529,1
530,2
531,1
532,4
533,5
534,5
535,1
536,1
537,4
538,4
539,3
540,4
541,2
542,4
543,4
544,1
545,4
546,4
547,4
548,4
549,1
550,1
551,5
552,4
553,2
554,3
555,2
556,4
557,4
558,4
559,4
560,4
561,2
562,4
563,4
564,5
565,2
566,4
567,2
568,4
569,1
570,3
571,2
572,2
573,1
574,4
575,2
576,1
577,3
578,4
579,4
580,3
581,4
582,4
583,3
584,4
585,4
586,4
587,1
588,2
589,5
590,1
591,3
592,4
593,1
594,4
595,4
596,5
597,4
598,4
599,4
600,4
601,4
602,2
603,5
604,1
605,4
606,4
607,4
608,4
609,4
610,4
611,4
612,5
613,4
614,5
615,4
616,5
617,4
618,2
619,4
620,4
621,4
622,4
623,1
624,5
625,4
626,4
627,3
628,4
629,4
630,4
631,2
632,4
633,4
634,2
635,1
636,5
637,4
638,5
639,4
640,3
641,4
642,4
643,1
644,1
645,4
646,3
647,4
648,1
649,2
650,4
651,3
652,2
653,4
654,3
655,4
656,2
657,1
658,4
659,5
660,3
661,4
662,4
663,2
664,4
665,4
666,1
667,1
668,2
669,5
670,5
671,4
672,4
673,4
674,4
675,4
676,5
677,4
678,4
679,4
680,2
681,1
682,4
683,5
684,2
685,4
686,2
687,3
688,2
689,4
690,4
691,2
692,5
693,2
694,4
695,1
696,1
697,1
698,4
699,5
700,2
701,5
702,1
703,4
704,4
705,4
706,4
707,4
708,4
709,2
710,4
711,2
712,4
713,4
714,5
715,5
716,1
717,4
718,4
719,2
720,4
721,4
722,4
723,4
724,4
725,4
726,4
727,1
728,2
729,4
730,1
731,4
732,1
733,4
734,4
735,5
736,4
737,4
738,4
739,4
740,4
741,4
742,4
743,5
744,1
745,1
746,5
747,2
748,1
749,1
750,4
751,3
752,4
753,4
754,1
755,5
756,1
757,5
758,4
759,4
760,2
761,1
762,2
763,1
764,4
765,4
766,5
767,5
768,4
769,4
770,4
771,4
772,1
773,2
774,4
775,2
776,5
777,2
778,2
779,5
780,4
781,3
782,2
783,4
784,4
785,2
786,4
787,5
788,4
789,2
790,5
791,4
792,3
793,5
794,5
795,4
796,1
797,4
798,5
799,1
800,2
801,5
802,5
803,4
804,4
805,4
806,4
807,4
808,4
809,4
810,5
811,5
812,4
813,5
814,4
815,2
816,4
817,5
818,2
819,2
820,1
821,2
822,4
823,4
824,5
825,5
826,5
827,5
828,5
829,4
830,4
831,4
832,4
833,4
834,1
835,4
836,4
837,5
838,1
839,4
840,5
841,5
842,3
843,4
844,4
845,5
846,4
847,1
848,4
849,4
850,4
851,3
852,4
853,5
854,3
855,3
856,5
857,5
858,4
859,1
860,2
861,1
862,4
863,5
864,5
865,4
866,1
867,5
868,4
869,4
870,4
871,1
872,5
873,4
874,5
875,4
876,5
877,3
878,5
879,4
880,5
881,5
882,1
883,4
884,4
885,2
886,2
887,1
888,1
889,4
890,5
891,4
892,4
893,4
894,4
895,1
896,4
897,4
898,4
899,2
900,5
901,1
902,4
903,4
904,5
905,1
906,4
907,4
908,4
909,5
910,4
911,5
912,4
913,5
914,4
915,4
916,4
917,4
918,4
919,4
920,2
921,1
922,4
923,3
924,4
925,1
926,4
927,2
928,4
929,4
930,1
931,5
932,4
933,4
934,4
935,4
936,1
937,4
938,5
939,4
940,4
941,4
942,4
943,5
944,3
945,4
946,5
947,4
948,1
949,5
950,2
951,2
952,4
953,4
954,5
955,4
956,4
957,4
958,2
959,4
960,1
961,5
962,2
963,4
964,3
965,2
966,4
967,2
968,5
969,4
970,1
971,4
972,4
973,4
974,4
975,4
976,5
977,4
978,4
979,4
980,4
981,4
982,4
983,4
984,5
985,4
986,2
987,4
988,4
989,3
990,4
991,4
992,4
993,4
994,2
995,4
996,4
997,1
998,4
999,2
1000,5
1001,4
1002,3
1003,4
1004,4
1005,4
1006,4
1007,2
1008,4
1009,2
1010,2
1011,4
1012,4
1013,1
1014,2
1015,2
1016,4
1017,5
1018,3
1019,4
1020,4
1021,4
1022,2
1023,4
1024,2
1025,4
1026,4
1027,2
1028,4
1029,5
1030,1
1031,4
1032,5
1033,4
1034,4
1035,4
1036,4
1037,1
1038,4
1039,4
1040,4
1041,4
1042,5
1043,4
1044,5
1045,4
1046,2
1047,4
1048,1
1049,4
1050,4
1051,5
1052,5
1053,4
1054,5
1055,4
1056,5
1057,4
1058,4
1059,4
1060,4
1061,1
1062,2
1063,4
1064,2
1065,4
1066,3
1067,2
1068,4
1069,2
1070,4
1071,4
1072,2
1073,4
1074,3
1075,5
1076,5
1077,4
1078,2
1079,4
1080,4
1081,4
1082,4
1083,3
1084,3
1085,5
1086,4
1087,1
1088,2
1089,4
1090,4
1091,5
1092,4
1093,4
1094,4
1095,4
1096,4
1097,2
1098,2
1099,1
1100,3
1101,4
1102,5
1103,4
1104,4
1105,4
1106,4
1107,4
1108,4
1109,5
1110,4
1111,5
1112,4
1113,1
1114,4
1115,1
1116,1
1117,3
1118,4
1119,1
1120,1
1121,2
1122,2
1123,4
1124,1
1125,4
1126,4
1127,5
1128,1
1129,5
1130,5
1131,1
1132,1
1133,1
1134,2
1135,2
1136,5
1137,2
1138,4
1139,2
1140,4
1141,4
1142,4
1143,5
1144,4
1145,4
1146,4
1147,4
1148,4
1149,4
1150,1
1151,2
1152,4
1153,2
1154,1
1155,4
1156,1
1157,4
1158,5
1159,1
1160,4
1161,4
1162,4
1163,5
1164,4
1165,2
1166,4
1167,4
1168,2
1169,4
1170,2
1171,5
1172,4
1173,4
1174,4
1175,2
1176,2
1177,5
1178,4
1179,2
1180,1
1181,4
1182,4
1183,1
1184,4
1185,1
1186,4
1187,5
1188,4
1189,4
1190,4
1191,2
1192,4
1193,4
1194,2
1195,4
1196,3
1197,1
1198,3
1199,1
1200,3
1201,4
1202,4
1203,4
1204,5
1205,1
1206,1
1207,2
1208,4
1209,2
1210,5
1211,4
1212,2
1213,4
1214,1
1215,2
1216,4
1217,5
1218,4
1219,4
1220,3
1221,5
1222,1
1223,4
1224,4
1225,4
1226,4
1227,4
1228,1
1229,1
1230,5
1231,1
1232,5
1233,1
1234,2
1235,4
1236,4
1237,4
1238,4
1239,4
1240,4
1241,4
1242,5
1243,5
1244,2
1245,4
1246,5
1247,4
1248,4
1249,2
1250,2
1251,4
1252,2
1253,4
1254,4
1255,5
1256,4
1257,4
1258,2
1259,5
1260,4
1261,5
1262,3
1263,5
1264,1
1265,2
1266,4
1267,3
1268,1
1269,1
1270,2
1271,2
1272,1
1273,1
1274,5
1275,5
1276,1
1277,4
1278,2
1279,3
1280,5
1281,4
1282,2
1283,3
1284,1
1285,5
1286,4
1287,2
1288,1
1289,1
1290,4
1291,4
1292,2
1293,4
1294,4
1295,4
1296,1
1297,1
1298,2
1299,4
1300,2
1301,4
1302,5
1303,4
1304,5
1305,4
1306,1
1307,3
1308,4
1309,4
1310,5
1311,4
1312,4
1313,4
1314,4
1315,5
1316,5
1317,2
1318,4
1319,1
1320,1
1321,1
1322,5
1323,1
1324,4
1325,5
1326,2
1327,1
1328,1
1329,1
1330,5
1331,5
1332,1
1333,4
1334,1
1335,4
1336,4
1337,4
1338,2
1339,1
1340,4
1341,2
1342,2
1343,2
1344,4
1345,4
1346,1
1347,5
1348,1
1349,4
1350,1
1351,5
1352,1
1353,4
1354,2
1355,4
1356,1
1357,1
1358,5
1359,4
1360,1
1361,5
1362,2
1363,4
1364,4
1365,4
1366,4
1367,5
1368,5
1369,4
1370,4
1371,4
1372,5
1373,4
1374,4
1375,5
1376,4
1377,4
1378,4
1379,4
1380,4
1381,4
1382,2
1383,4
1384,5
1385,4
1386,4
1387,4
1388,4
1389,1
1390,1
1391,5
1392,1
1393,5
1394,4
1395,4
1396,4
1397,5
1398,1
1399,4
1400,1
1401,3
1402,4
1403,4
1404,5
1405,4
1406,4
1407,5
1408,4
1409,4
1410,4
1411,4
1412,1
1413,1
1414,4
1415,4
1416,4
1417,4
1418,2
1419,3
1420,3
1421,5
1422,4
1423,5
1424,4
1425,4
1426,4
1427,3
1428,4
1429,4
1430,1
1431,5
1432,4
1433,4
1434,4
1435,4
1436,4
1437,3
1438,2
1439,4
1440,2
1441,4
1442,4
1443,4
1444,4
1445,4
1446,4
1447,5
1448,5
1449,5
1450,4
1451,5
1452,4
1453,5
1454,4
1455,5
1456,4
1457,4
1458,5
1459,4
1460,1
1461,1
1462,2
1463,4
1464,1
1465,2
1466,2
1467,5
1468,4
1469,4
1470,4
1471,1
1472,4
1473,4
1474,1
1475,3
1476,2
1477,5
1478,4
1479,4
1480,2
1481,2
1482,4
1483,4
1484,5
1485,4
1486,4
1487,4
1488,1
1489,5
1490,4
1491,4
1492,4
1493,4
1494,4
1495,4
1496,4
1497,4
1498,4
1499,4
1500,4
1501,2
1502,2
1503,4
1504,2
1505,4
1506,2
1507,1
1508,3
1509,5
1510,4
1511,1
1512,5
1513,2
1514,4
1515,1
1516,4
1517,1
1518,4
1519,4
1520,4
1521,4
1522,4
1523,4
1524,4
1525,1
1526,1
1527,4
1528,1
1529,5
1530,4
1531,4
1532,1
1533,1
1534,5
1535,4
1536,2
1537,2
1538,5
1539,2
1540,4
1541,2
1542,4
1543,4
1544,2
1545,4
1546,5
1547,2
1548,4
1549,4
1550,2
1551,2
1552,2
1553,4
1554,1
1555,4
1556,5
1557,4
1558,2
1559,4
1560,4
1561,1
1562,4
1563,2
1564,4
1565,4
1566,1
1567,2
1568,4
1569,4
1570,4
1571,4
1572,4
1573,2
1574,4
1575,2
1576,2
1577,4
1578,1
1579,4
1580,4
1581,4
1582,4
1583,4
1584,5
1585,4
1586,2
1587,4
1588,1
1589,1
1590,4
1591,1
1592,4
1593,4
1594,4
1595,4
1596,4
1597,4
1598,4
1599,5
1600,1
1601,5
1602,5
1603,4
1604,1
1605,4
1606,2
1607,5
1608,1
1609,5
1610,5
1611,4
1612,5
1613,4
1614,4
1615,4
1616,4
1617,4
1618,2
1619,4
1620,4
1621,4
1622,2
1623,2
1624,4
1625,5
1626,4
1627,2
1628,4
1629,4
1630,1
1631,4
1632,4
1633,3
1634,2
1635,4
1636,4
1637,4
1638,2
1639,4
1640,4
1641,4
1642,4
1643,1
1644,4
1645,5
1646,4
1647,4
1648,1
1649,2
1650,4
1651,4
1652,4
1653,4
1654,4
1655,1
1656,5
1657,4
1658,4
1659,5
1660,4
1661,4
1662,1
1663,4
1664,4
1665,2
1666,4
1667,5
1668,5
1669,2
1670,5
1671,1
1672,4
1673,2
1674,4
1675,4
1676,1
1677,5
1678,3
1679,4
1680,4
1681,1
1682,2
1683,2
1684,5
1685,1
1686,1
1687,4
1688,4
1689,2
1690,1
1691,2
1692,5
1693,4
1694,4
1695,4
1696,4
1697,2
1698,1
1699,5
1700,4
1701,4
1702,1
1703,1
1704,4
1705,1
1706,4
1707,5
1708,1
1709,4
1710,2
1711,2
1712,4
1713,2
1714,5
1715,4
1716,5
1717,4
1718,5
1719,5
1720,1
1721,5
1722,5
1723,3
1724,5
1725,4
1726,1
1727,3
1728,4
1729,4
1730,4
1731,4
1732,4
1733,4
1734,5
1735,4
1736,2
1737,4
1738,5
1739,2
1740,4
1741,5
1742,4
1743,2
1744,4
1745,2
1746,4
1747,4
1748,4
1749,5
1750,1
1751,2
1752,1
1753,4
1754,1
1755,4
1756,1
1757,4
1758,4
1759,4
1760,4
1761,1
1762,4
1763,2
1764,4
1765,2
1766,4
1767,4
1768,4
1769,4
1770,1
1771,2
1772,4
1773,5
1774,4
1775,5
1776,4
1777,4
1778,4
1779,2
1780,4
1781,1
1782,4
1783,5
1784,4
1785,2
1786,2
1787,1
1788,4
1789,4
1790,5
1791,2
1792,4
1793,4
1794,4
1795,4
1796,4
1797,2
1798,4
1799,4
1800,5
1801,4
1802,4
1803,2
1804,4
1805,4
1806,4
1807,4
1808,4
1809,2
1810,4
1811,5
1812,4
1813,5
1814,4
1815,3
1816,5
1817,5
1818,1
1819,3
1820,4
1821,5
1822,5
1823,4
1824,1
1825,5
1826,4
1827,4
1828,4
1829,1
1830,4
1831,4
1832,4
1833,5
1834,4
1835,1
1836,5
1837,5
1838,4
1839,1
1840,4
1841,1
1842,4
1843,4
1844,1
1845,2
1846,2
1847,4
1848,4
1849,3
1850,4
1851,1
1852,1
1853,4
1854,5
1855,5
1856,5
1857,5
1858,4
1859,4
1860,4
1861,4
1862,1
1863,4
1864,1
1865,4
1866,4
1867,4
1868,2
1869,2
1870,5
1871,4
1872,4
1873,2
1874,5
1875,2
1876,4
1877,3
1878,4
1879,4
1880,1
1881,5
1882,1
1883,4
1884,4
1885,4
1886,4
1887,4
1888,2
1889,2
1890,2
1891,2
1892,4
1893,5
1894,1
1895,2
1896,5
1897,3
1898,1
1899,1
1900,4
1901,5
1902,5
1903,2
1904,4
1905,2
1906,4
1907,4
1908,1
1909,2
1910,4
1911,2
1912,2
1913,5
1914,1
1915,1
1916,3
1917,1
1918,4
1919,1
1920,4
1921,4
1922,4
1923,1
1924,4
1925,4
1926,3
1927,4
1928,4
1929,2
1930,4
1931,5
1932,5
1933,4
1934,4
1935,4
1936,2
1937,4
1938,1
1939,4
1940,4
1941,4
1942,4
1943,1
1944,5
1945,4
1946,1
1947,4
1948,1
1949,1
1950,4
1951,1
1952,4
1953,2
1954,4
1955,4
1956,2
1957,2
1958,3
1959,2
1960,1
1961,1
1962,4
1963,1
1964,1
1965,5
1966,1
1967,5
1968,1
1969,3
1970,4
1971,1
1972,3
1973,4
1974,1
1975,4
1976,4
1977,3
1978,4
1979,4
1980,1
1981,4
1982,2
1983,1
1984,2
1985,2
1986,3
1987,4
1988,1
1989,5
1990,5
1991,4
1992,1
1993,2
1994,4
1995,5
1996,4
1997,4
1998,4
1999,4
2000,2
2001,3
2002,2
2003,4
2004,2
2005,1
2006,5
2007,2
2008,5
2009,1
2010,4
2011,4
2012,1
2013,2
2014,2
2015,2
2016,5
2017,1
2018,2
2019,2
2020,2
2021,1
2022,4
2023,2
2024,1
2025,2
2026,4
2027,1
2028,4
2029,1
2030,2
2031,1
2032,4
2033,1
2034,5
2035,1
2036,1
2037,2
2038,4
2039,3
2040,5
2041,4
2042,4
2043,3
2044,4
2045,5
2046,4
2047,3
2048,4
2049,5
2050,3
2051,4
2052,2
2053,2
2054,5
2055,4
2056,4
2057,2
2058,1
2059,3
2060,4
2061,2
2062,5
2063,5
2064,4
2065,4
2066,5
2067,4
2068,5
2069,4
2070,4
2071,4
2072,2
2073,2
2074,4
2075,4
2076,4
2077,2
2078,4
2079,4
2080,4
2081,3
2082,4
2083,2
2084,5
2085,4
2086,4
2087,2
2088,3
2089,3
2090,1
2091,5
2092,2
2093,4
2094,5
2095,4
2096,4
2097,1
2098,1
2099,2
2100,3
2101,2
2102,4
2103,2
2104,5
2105,4
2106,2
2107,5
2108,4
2109,1
2110,4
2111,3
2112,1
2113,5
2114,2
2115,2
2116,4
2117,1
2118,5
2119,2
2120,5
2121,4
2122,4
2123,4
2124,4
2125,4
2126,4
2127,1
2128,4
2129,4
2130,1
2131,4
2132,2
2133,2
2134,4
2135,4
2136,2
2137,4
2138,1
2139,2
2140,1
2141,1
2142,5
2143,4
2144,4
2145,5
2146,4
2147,4
2148,4
2149,5
2150,4
2151,2
2152,1
2153,1
2154,2
2155,3
2156,4
2157,4
2158,3
2159,4
2160,4
2161,2
2162,4
2163,2
2164,2
2165,4
2166,4
2167,4
2168,1
2169,4
2170,5
2171,4
2172,5
2173,3
2174,4
2175,2
2176,4
2177,1
2178,5
2179,4
2180,2
2181,3
2182,4
2183,2
2184,5
2185,1
2186,5
2187,1
2188,4
2189,2
2190,5
2191,2
2192,5
2193,4
2194,4
2195,4
2196,4
2197,4
2198,3
2199,3
2200,1
2201,3
2202,2
2203,5
2204,2
2205,4
2206,4
2207,4
2208,2
2209,1
2210,4
2211,3
2212,4
2213,4
2214,1
2215,4
2216,1
2217,5
2218,2
2219,1
2220,4
2221,4
2222,4
2223,1
2224,4
2225,1
2226,1
2227,4
2228,5
2229,1
2230,5
2231,4
2232,5
2233,1
2234,1
2235,1
2236,4
2237,2
2238,4
2239,5
2240,2
2241,4
2242,2
2243,3
2244,5
2245,2
2246,4
2247,5
2248,4
2249,5
2250,5
2251,5
2252,4
2253,2
2254,3
2255,2
2256,5
2257,1
2258,1
2259,4
2260,3
2261,5
2262,4
2263,5
2264,3
2265,5
2266,2
2267,4
2268,5
2269,2
2270,5
2271,4
2272,2
2273,4
2274,5
2275,5
2276,2
2277,4
2278,4
2279,4
2280,2
2281,1
2282,1
2283,4
2284,4
2285,4
2286,4
2287,4
2288,4
2289,5
2290,3
2291,4
2292,4
2293,5
2294,4
2295,4
2296,4
2297,4
2298,2
2299,2
2300,4
2301,5
2302,4
2303,4
2304,2
2305,4
2306,4
2307,4
2308,4
2309,4
2310,4
2311,4
2312,4
2313,4
2314,5
2315,4
2316,4
2317,4
2318,4
2319,4
2320,4
2321,4
2322,4
2323,5
2324,4
2325,4
2326,1
2327,5
2328,4
2329,4
2330,1
2331,4
2332,4
2333,4
2334,2
2335,4
2336,5
2337,4
2338,4
2339,5
2340,4
2341,3
2342,4
2343,3
2344,3
2345,4
2346,1
2347,1
2348,1
2349,4
2350,4
2351,4
2352,4
2353,5
2354,4
2355,4
2356,4
2357,4
2358,4
2359,1
2360,4
2361,2
2362,1
2363,5
2364,4
2365,4
2366,4
2367,3
2368,5
2369,4
2370,4
2371,4
2372,2
2373,2
2374,2
2375,5
2376,4
2377,4
2378,2
2379,4
2380,5
2381,4
2382,4
2383,1
2384,5
2385,3
2386,2
2387,4
2388,1
2389,2
2390,4
2391,3
2392,5
2393,4
2394,4
2395,4
2396,5
2397,5
2398,4
2399,2
2400,4
2401,4
2402,1
2403,1
2404,1
2405,1
2406,4
2407,4
2408,4
2409,4
2410,5
2411,4
2412,2
2413,3
2414,4
2415,4
2416,5
2417,4
2418,4
2419,1
2420,3
2421,4
2422,5
2423,2
2424,4
2425,4
2426,4
2427,4
2428,2
2429,3
2430,1
2431,2
2432,5
2433,4
2434,4
2435,4
2436,4
2437,4
2438,5
2439,1
2440,4
2441,4
2442,5
2443,1
2444,5
2445,4
2446,5
2447,4
2448,1
2449,5
2450,3
2451,5
2452,2
2453,4
2454,4
2455,5
2456,1
2457,1
2458,4
2459,4
2460,1
2461,4
2462,4
2463,2
2464,4
2465,2
2466,1
2467,2
2468,4
2469,4
2470,4
2471,4
2472,4
2473,5
2474,4
2475,2
2476,4
2477,5
2478,2
2479,1
2480,5
2481,5
2482,4
2483,1
2484,4
2485,4
2486,1
2487,4
2488,2
2489,1
2490,2
2491,4
2492,2
2493,5
2494,4
2495,4
2496,2
2497,5
2498,2
2499,1
2500,4
2501,4
2502,1
2503,4
2504,2
2505,4
2506,4
2507,5
2508,1
2509,2
2510,4
2511,3
2512,1
2513,4
2514,4
2515,1
2516,4
2517,5
2518,5
2519,2
2520,2
2521,4
2522,1
2523,3
2524,1
2525,4
2526,4
2527,1
2528,4
2529,2
2530,1
2531,5
2532,3
2533,4
2534,4
2535,4
2536,4
2537,4
2538,3
2539,4
2540,4
2541,5
2542,4
2543,2
2544,4
2545,4
2546,2
2547,4
2548,1
2549,4
2550,3
2551,5
2552,2
2553,5
2554,5
2555,5
2556,2
2557,5
2558,4
2559,4
2560,5
2561,3
2562,4
2563,2
2564,5
2565,5
2566,4
2567,4
2568,2
2569,5
2570,1
2571,5
2572,1
2573,5
2574,4
2575,4
2576,1
2577,4
2578,5
2579,1
2580,4
2581,5
2582,4
2583,5
2584,5
2585,4
2586,1
2587,1
2588,3
2589,4
2590,5
2591,5
2592,4
2593,4
2594,2
2595,2
2596,5
2597,4
2598,4
2599,4
2600,4
2601,5
2602,1
2603,1
2604,2
2605,4
2606,2
2607,4
2608,2
2609,4
2610,4
2611,4
2612,4
2613,4
2614,2
2615,1
2616,1
2617,4
2618,5
2619,3
2620,5
2621,2
2622,2
2623,4
2624,2
2625,4
2626,2
2627,1
2628,5
2629,5
2630,5
2631,2
2632,3
2633,5
2634,1
2635,5
2636,1
2637,5
2638,4
2639,4
2640,4
2641,5
2642,4
2643,4
2644,1
2645,1
2646,5
2647,4
2648,4
2649,4
2650,5
2651,1
2652,4
2653,2
2654,4
2655,4
2656,4
2657,2
2658,4
2659,2
2660,5
2661,2
2662,2
2663,1
2664,5
2665,2
2666,4
2667,4
2668,2
2669,4
2670,4
2671,1
2672,1
2673,5
2674,2
2675,4
2676,5
2677,5
2678,4
2679,3
2680,4
2681,4
2682,1
2683,4
2684,2
2685,4
2686,4
2687,4
2688,4
2689,4
2690,2
2691,5
2692,4
2693,4
2694,5
2695,2
2696,4
2697,5
2698,4
2699,5
2700,4
2701,1
2702,5
2703,4
2704,4
2705,2
2706,4
2707,5
2708,2
2709,4
2710,5
2711,4
2712,4
2713,4
2714,5
2715,4
2716,2
2717,4
2718,4
2719,4
2720,5
2721,1
2722,5
2723,5
2724,4
2725,4
2726,1
2727,4
2728,2
2729,4
2730,2
2731,3
2732,2
2733,4
2734,4
2735,2
2736,5
2737,4
2738,5
2739,4
2740,4
2741,5
2742,4
2743,4
2744,4
2745,2
2746,4
2747,2
2748,1
2749,4
2750,2
2751,4
2752,5
2753,4
2754,4
2755,4
2756,5
2757,2
2758,4
2759,2
2760,4
2761,2
2762,4
2763,4
2764,4
2765,2
2766,4
2767,2
2768,1
2769,5
2770,4
2771,4
2772,4
2773,3
2774,5
2775,5
2776,5
2777,4
2778,3
2779,4
2780,2
2781,2
2782,5
2783,1
2784,4
2785,4
2786,4
2787,4
2788,4
2789,4
2790,4
2791,4
2792,4
2793,2
2794,2
2795,4
2796,2
2797,4
2798,4
2799,1
2800,2
2801,1
2802,5
2803,4
2804,5
2805,1
2806,5
2807,2
2808,5
2809,4
2810,2
2811,4
2812,4
2813,4
2814,4
2815,4
2816,1
2817,4
2818,1
2819,4
2820,4
2821,4
2822,2
2823,2
2824,5
2825,5
2826,4
2827,5
2828,5
2829,4
2830,2
2831,5
2832,4
2833,5
2834,4
2835,1
2836,4
2837,5
2838,4
2839,1
2840,4
2841,4
2842,5
2843,4
2844,2
2845,4
2846,5
2847,5
2848,2
2849,4
2850,2
2851,5
2852,3
2853,4
2854,4
2855,1
2856,4
2857,5
2858,5
2859,2
2860,4
2861,5
2862,4
2863,1
2864,1
2865,1
2866,4
2867,4
2868,5
2869,2
2870,4
2871,5
2872,2
2873,4
2874,5
2875,4
2876,4
2877,1
2878,5
2879,1
2880,4
2881,4
2882,4
2883,5
2884,4
2885,5
2886,4
2887,5
2888,5
2889,4
2890,1
2891,1
2892,4
2893,2
2894,1
2895,5
2896,2
2897,2
2898,1
2899,5
2900,1
2901,5
2902,2
2903,4
2904,5
2905,4
2906,3
2907,2
2908,5
2909,4
2910,2
2911,5
2912,5
2913,4
2914,5
2915,4
2916,1
2917,4
2918,4
2919,2
2920,1
2921,3
2922,1
2923,4
2924,4
2925,4
2926,4
2927,5
2928,4
2929,4
2930,4
2931,4
2932,4
2933,4
2934,4
2935,3
2936,5
2937,4
2938,3
2939,4
2940,4
2941,4
2942,1
2943,1
2944,5
2945,5
2946,4
2947,4
2948,5
2949,5
2950,3
2951,4
2952,2
2953,1
2954,2
2955,1
2956,4
2957,1
2958,5
2959,4
2960,2
2961,5
2962,4
2963,4
2964,4
2965,4
2966,5
2967,5
2968,4
2969,1
2970,4
2971,2
2972,4
2973,5
2974,5
2975,4
2976,4
2977,1
2978,5
2979,5
2980,4
2981,2
2982,5
2983,5
2984,4
2985,4
2986,4
2987,1
2988,4
2989,4
2990,2
2991,4
2992,4
2993,2
2994,1
2995,3
2996,4
2997,4
2998,2
2999,5
3000,4
3001,4
3002,5
3003,4
3004,1
3005,5
3006,4
3007,4
3008,5
3009,4
3010,4
3011,4
3012,4
3013,5
3014,1
3015,3
3016,4
3017,2
3018,4
3019,5
3020,4
3021,1
3022,4
3023,4
3024,1
3025,1
3026,4
3027,2
3028,1
3029,4
3030,4
3031,4
3032,2
3033,3
3034,4
3035,4
3036,1
3037,1
3038,4
3039,2
3040,4
3041,2
3042,4
3043,5
3044,5
3045,4
3046,1
3047,3
3048,2
3049,4
3050,1
3051,4
3052,4
3053,1
3054,1
3055,2
3056,2
3057,4
3058,3
3059,1
3060,5
3061,4
3062,4
3063,2
3064,4
3065,3
3066,4
3067,5
3068,4
3069,1
3070,5
3071,4
3072,5
3073,5
3074,5
3075,4
3076,1
3077,1
3078,4
3079,1
3080,3
3081,3
3082,1
3083,3
3084,3
3085,5
3086,4
3087,4
3088,1
3089,5
3090,1
3091,1
3092,2
3093,2
3094,1
3095,1
3096,2
3097,3
3098,5
3099,5
3100,2
3101,5
3102,1
3103,2
3104,4
3105,2
3106,5
3107,1
3108,5
3109,4
3110,4
3111,2
3112,5
3113,4
3114,1
3115,4
3116,3
3117,4
3118,1
3119,5
3120,1
3121,5
3122,4
3123,1
3124,4
3125,5
3126,5
3127,1
3128,4
3129,4
3130,5
3131,4
3132,1
3133,4
3134,1
3135,4
3136,4
3137,2
3138,5
3139,2
3140,2
3141,1
3142,5
3143,1
3144,5
3145,4
3146,4
3147,2
3148,2
3149,1
3150,1
3151,4
3152,2
3153,2
3154,4
3155,4
3156,1
3157,1
3158,1
3159,5
3160,2
3161,1
3162,5
3163,4
3164,4
3165,1
3166,5
3167,2
3168,2
3169,4
3170,4
3171,2
3172,1
3173,5
3174,1
3175,5
3176,4
3177,4
3178,2
3179,4
3180,4
3181,5
3182,1
3183,4
3184,4
3185,4
3186,2
3187,2
3188,3
3189,2
3190,4
3191,5
3192,4
3193,4
3194,4
3195,3
3196,5
3197,1
3198,4
3199,5
3200,2
3201,4
3202,2
3203,4
3204,3
3205,1
3206,4
3207,4
3208,4
3209,4
3210,1
3211,1
3212,1
3213,5
3214,1
3215,2
3216,4
3217,4
3218,4
3219,4
3220,3
3221,4
3222,4
3223,3
3224,5
3225,4
3226,4
3227,2
3228,4
3229,3
3230,4
3231,2
3232,4
3233,4
3234,4
3235,5
3236,4
3237,5
3238,4
3239,1
3240,4
3241,4
3242,1
3243,2
3244,2
3245,4
3246,1
3247,4
3248,4
3249,1
3250,4
3251,4
3252,5
3253,1
3254,2
3255,5
3256,4
3257,5
3258,4
3259,1
3260,5
3261,2
3262,4
3263,1
3264,4
3265,5
3266,4
3267,4
3268,4
3269,1
3270,4
3271,4
3272,4
3273,4
3274,4
3275,3
3276,2
3277,1
3278,5
3279,4
3280,4
3281,5
3282,2
3283,1
3284,4
3285,4
3286,4
3287,1
3288,5
3289,4
3290,4
3291,5
3292,1
3293,4
3294,5
3295,4
3296,4
3297,4
3298,4
3299,4
3300,1
3301,4
3302,4
3303,5
3304,2
3305,2
3306,4
3307,4
3308,5
3309,4
3310,5
3311,2
3312,4
3313,4
3314,3
3315,1
3316,4
3317,5
3318,1
3319,2
3320,2
3321,3
3322,4
3323,4
3324,3
3325,4
3326,1
3327,1
3328,2
3329,4
3330,4
3331,4
3332,1
3333,1
3334,3
3335,1
3336,5
3337,4
3338,4
3339,1
3340,1
3341,4
3342,1
3343,5
3344,1
3345,1
3346,1
3347,2
3348,4
3349,1
3350,3
3351,1
3352,2
3353,1
3354,1
3355,4
3356,5
3357,1
3358,3
3359,4
3360,4
3361,4
3362,4
3363,1
3364,1
3365,2
3366,2
3367,1
3368,1
3369,4
3370,2
3371,1
3372,2
3373,4
3374,2
3375,4
3376,4
3377,3
3378,5
3379,5
3380,5
3381,2
3382,4
3383,4
3384,4
3385,3
3386,5
3387,1
3388,3
3389,4
3390,1
3391,4
3392,1
3393,5
3394,1
3395,4
3396,4
3397,1
3398,1
3399,3
3400,3
3401,1
3402,5
3403,1
3404,1
3405,2
3406,4
3407,2
3408,5
3409,2
3410,4
3411,5
3412,2
3413,5
3414,5
3415,1
3416,1
3417,2
3418,1
3419,2
3420,3
3421,2
3422,4
3423,3
3424,5
3425,5
3426,2
3427,4
3428,5
3429,5
3430,5
3431,5
3432,5
3433,1
3434,4
3435,5
3436,4
3437,5
3438,4
3439,3
3440,1
3441,2
3442,2
3443,2
3444,5
3445,5
3446,5
3447,4
3448,5
3449,2
3450,2
3451,1
3452,2
3453,1
3454,1
3455,4
3456,2
3457,3
3458,2
3459,2
3460,3
3461,5
3462,2
3463,5
3464,4
3465,1
3466,5
3467,2
3468,2
3469,4
3470,3
3471,5
3472,2
3473,5
3474,1
3475,4
3476,5
3477,3
3478,1
3479,3
3480,3
3481,5
3482,3
3483,4
3484,2
3485,5
3486,2
3487,2
3488,4
3489,1
3490,4
3491,3
3492,1
3493,2
3494,3
3495,5
3496,5
3497,3
3498,5
3499,1
3500,1
3501,4
3502,5
3503,1
3504,2
3505,1
3506,2
3507,2
3508,1
3509,3
3510,3
3511,4
3512,5
3513,5
3514,1
3515,1
3516,1
3517,3
3518,1
3519,2
3520,1
3521,2
3522,1
3523,2
3524,3
3525,2
3526,3
3527,1
3528,5
3529,2
3530,5
3531,3
3532,5
3533,5
3534,1
3535,3
3536,2
3537,1
3538,4
3539,2
3540,1
3541,1
3542,1
3543,5
3544,3
3545,5
3546,5
3547,3
3548,1
3549,2
3550,1
3551,1
3552,5
3553,3
3554,5
3555,4
3556,1
3557,3
3558,1
3559,5
3560,3
3561,2
3562,2
3563,4
3564,3
3565,1
3566,1
3567,5
3568,3
3569,1
3570,1
3571,3
3572,4
3573,2
3574,3
3575,4
3576,2
3577,1
3578,1
3579,5
3580,3
3581,1
3582,4
3583,2
3584,4
3585,5
3586,5
3587,3
3588,4
3589,5
3590,4
3591,2
3592,4
3593,4
3594,5
3595,4
3596,2
3597,2
3598,3
3599,2
3600,5
3601,4
3602,4
3603,1
3604,5
3605,1
3606,2
3607,1
3608,5
3609,1
3610,4
3611,1
3612,5
3613,5
3614,1
3615,2
3616,2
3617,1
3618,4
3619,4
3620,5
3621,4
3622,5
3623,5
3624,2
3625,1
3626,1
3627,1
3628,4
3629,5
3630,1
3631,4
3632,4
3633,4
3634,5
3635,4
3636,1
3637,4
3638,1
3639,2
3640,3
3641,1
3642,5
3643,5
3644,1
3645,5
3646,1
3647,2
3648,5
3649,4
3650,1
3651,5
3652,5
3653,2
3654,2
3655,4
3656,5
3657,1
3658,2
3659,1
3660,2
3661,5
3662,4
3663,4
3664,1
3665,3
3666,5
3667,4
3668,4
3669,1
3670,4
3671,5
3672,5
3673,1
3674,4
3675,4
3676,5
3677,2
3678,1
3679,1
3680,4
3681,1
3682,4
3683,5
3684,5
3685,5
3686,4
3687,1
3688,1
3689,1
3690,2
3691,1
3692,5
3693,4
3694,5
3695,3
3696,5
3697,4
3698,1
3699,4
3700,4
3701,4
3702,1
3703,2
3704,2
3705,5
3706,1
3707,1
3708,5
3709,5
3710,2
3711,5
3712,2
3713,1
3714,3
3715,5
3716,2
3717,4
3718,5
3719,2
3720,1
3721,1
3722,1
3723,3
3724,1
3725,4
3726,5
3727,1
3728,4
3729,5
3730,2
3731,2
3732,1
3733,5
3734,2
3735,1
3736,1
3737,5
3738,2
3739,1
3740,1
3741,5
3742,5
3743,1
3744,1
3745,5
3746,2
3747,5
3748,4
3749,4
3750,2
3751,1
3752,1
3753,4
3754,1
3755,2
3756,1
3757,4
3758,2
3759,5
3760,1
3761,5
3762,2
3763,4
3764,2
3765,3
3766,5
3767,2
3768,5
3769,2
3770,2
3771,4
3772,4
3773,1
3774,2
3775,1
3776,3
3777,5
3778,4
3779,2
3780,5
3781,1
3782,5
3783,5
3784,2
3785,4
3786,5
3787,5
3788,4
3789,1
3790,4
3791,2
3792,4
3793,5
3794,5
3795,2
3796,3
3797,4
3798,1
3799,1
3800,5
3801,5
3802,4
3803,1
3804,5
3805,4
3806,1
3807,3
3808,4
3809,2
3810,1
3811,5
3812,2
3813,2
3814,4
3815,4
3816,4
3817,5
3818,5
3819,5
3820,2
3821,2
3822,5
3823,2
3824,2
3825,1
3826,1
3827,5
3828,5
3829,2
3830,4
3831,1
3832,1
3833,1
3834,3
3835,4
3836,2
3837,4
3838,1
3839,1
3840,5
3841,3
3842,4
3843,5
3844,2
3845,1
3846,1
3847,5
3848,4
3849,1
3850,5
3851,1
3852,3
3853,1
3854,5
3855,4
3856,4
3857,2
3858,1
3859,4
3860,1
3861,1
3862,4
3863,2
3864,1
3865,1
3866,1
3867,2
3868,5
3869,5
3870,2
3871,4
3872,1
3873,3
3874,1
3875,5
3876,2
3877,5
3878,4
3879,4
3880,4
3881,2
3882,2
3883,4
3884,2
3885,4
3886,1
3887,2
3888,1
3889,1
3890,1
3891,4
3892,2
3893,2
3894,2
3895,4
3896,3
3897,1
3898,4
3899,4
3900,4
3901,5
3902,4
3903,1
3904,2
3905,1
3906,1
3907,5
3908,5
3909,4
3910,1
3911,1
3912,2
3913,2
3914,2
3915,4
3916,2
3917,4
3918,2
3919,2
3920,1
3921,1
3922,2
3923,2
3924,4
3925,1
3926,2
3927,2
3928,1
3929,5
3930,2
3931,1
3932,4
3933,5
3934,5
3935,1
3936,1
3937,5
3938,1
3939,5
3940,1
3941,2
3942,1
3943,1
3944,5
3945,1
3946,4
3947,1
3948,1
3949,1
3950,2
3951,1
3952,1
3953,4
3954,5
3955,4
3956,2
3957,3
3958,2
3959,1
3960,4
3961,2
3962,5
3963,1
3964,4
3965,4
3966,4
3967,2
3968,5
3969,4
3970,1
3971,4
3972,5
3973,1
3974,1
3975,1
3976,2
3977,4
3978,2
3979,5
3980,2
3981,4
3982,1
3983,2
3984,2
3985,1
3986,5
3987,1
3988,1
3989,4
3990,1
3991,3
3992,1
3993,5
3994,5
3995,4
3996,2
3997,3
3998,4
3999,4
4000,2
4001,2
4002,1
4003,1
4004,1
4005,5
4006,4
4007,1
4008,4
4009,4
4010,2
4011,1
4012,1
4013,5
4014,4
4015,4
4016,1
4017,3
4018,1
4019,4
4020,2
4021,1
4022,5
4023,1
4024,2
4025,4
4026,2
4027,2
4028,4
4029,5
4030,1
4031,2
4032,4
4033,1
4034,5
4035,5
4036,2
4037,2
4038,3
4039,1
4040,1
4041,2
4042,1
4043,2
4044,2
4045,5
4046,2
4047,1
4048,1
4049,2
4050,2
4051,2
4052,5
4053,1
4054,3
4055,2
4056,5
4057,4
4058,5
4059,4
4060,1
4061,1
4062,4
4063,5
4064,4
4065,1
4066,3
4067,5
4068,5
4069,5
4070,2
4071,4
4072,1
4073,4
4074,4
4075,5
4076,4
4077,1
4078,2
4079,2
4080,4
4081,1
4082,5
4083,5
4084,2
4085,5
4086,4
4087,1
4088,4
4089,3
4090,1
4091,1
4092,2
4093,1
4094,2
4095,1
4096,4
4097,4
4098,2
4099,1
4100,2
4101,4
4102,4
4103,5
4104,2
4105,3
4106,5
4107,3
4108,1
4109,4
4110,4
4111,3
4112,3
4113,4
4114,1
4115,2
4116,5
4117,5
4118,1
4119,1
4120,4
4121,2
4122,3
4123,1
4124,1
4125,2
4126,5
4127,1
4128,1
4129,2
4130,1
4131,2
4132,4
4133,2
4134,5
4135,3
4136,1
4137,4
4138,4
4139,4
4140,5
4141,1
4142,5
4143,2
4144,4
4145,1
4146,4
4147,1
4148,1
4149,4
4150,1
4151,1
4152,4
4153,2
4154,1
4155,2
4156,1
4157,2
4158,1
4159,2
4160,5
4161,5
4162,1
4163,5
4164,4
4165,1
4166,1
4167,1
4168,2
4169,4
4170,5
4171,5
4172,1
4173,5
4174,2
4175,5
4176,4
4177,1
4178,1
4179,1
4180,3
4181,1
4182,5
4183,5
4184,5
4185,5
4186,1
4187,1
4188,3
4189,2
4190,1
4191,1
4192,5
4193,5
4194,4
4195,1
4196,4
4197,5
4198,2
4199,1
4200,4
4201,4
4202,1
4203,2
4204,2
4205,5
4206,4
4207,1
4208,4
4209,2
4210,2
4211,1
4212,1
4213,5
4214,1
4215,2
4216,2
4217,3
4218,2
4219,5
4220,4
4221,2
4222,4
4223,4
4224,1
4225,1
4226,1
4227,3
4228,5
4229,1
4230,5
4231,2
4232,4
4233,3
4234,1
4235,4
4236,5
4237,1
4238,1
4239,1
4240,4
4241,4
4242,4
4243,1
4244,5
4245,1
4246,5
4247,4
4248,4
4249,1
4250,5
4251,4
4252,5
4253,5
4254,1
4255,4
4256,2
4257,5
4258,1
4259,5
4260,1
4261,5
4262,2
4263,3
4264,5
4265,2
4266,1
4267,4
4268,1
4269,2
4270,1
4271,1
4272,1
4273,1
4274,4
4275,5
4276,4
4277,4
4278,5
4279,1
4280,3
4281,1
4282,5
4283,1
4284,5
4285,1
4286,1
4287,1
4288,5
4289,4
4290,1
4291,3
4292,4
4293,2
4294,1
4295,1
4296,5
4297,5
4298,2
4299,4
4300,1
4301,4
4302,1
4303,2
4304,1
4305,3
4306,5
4307,2
4308,1
4309,2
4310,2
4311,3
4312,4
4313,1
4314,2
4315,4
4316,1
4317,2
4318,1
4319,1
4320,2
4321,5
4322,1
4323,1
4324,1
4325,2
4326,2
4327,1
4328,5
4329,5
4330,1
4331,3
4332,5
4333,1
4334,1
4335,4
4336,5
4337,4
4338,1
4339,5
4340,3
4341,1
4342,4
4343,1
4344,4
4345,1
4346,2
4347,5
4348,1
4349,4
4350,5
4351,4
4352,1
4353,4
4354,2
4355,1
4356,4
4357,2
4358,5
4359,2
4360,1
4361,1
4362,4
4363,4
4364,4
4365,2
4366,1
4367,5
4368,4
4369,5
4370,2
4371,1
4372,1
4373,2
4374,2
4375,1
4376,4
4377,5
4378,2
4379,5
4380,5
4381,2
4382,4
4383,3
4384,4
4385,1
4386,5
4387,1
4388,5
4389,2
4390,5
4391,1
4392,5
4393,1
4394,5
4395,1
4396,1
4397,2
4398,1
4399,5
4400,1
4401,4
4402,5
4403,1
4404,4
4405,2
4406,4
4407,2
4408,1
4409,4
4410,2
4411,5
4412,5
4413,2
4414,2
4415,4
4416,5
4417,2
4418,1
4419,1
4420,4
4421,5
4422,1
4423,4
4424,4
4425,2
4426,5
4427,5
4428,4
4429,2
4430,1
4431,5
4432,2
4433,4
4434,1
4435,1
4436,2
4437,4
4438,1
4439,2
4440,1
4441,5
4442,2
4443,5
4444,5
4445,3
4446,2
4447,2
4448,5
4449,5
4450,4
4451,2
4452,5
4453,4
4454,4
4455,4
4456,1
4457,2
4458,5
4459,1
4460,2
4461,5
4462,1
4463,5
4464,3
4465,1
4466,5
4467,2
4468,1
4469,5
4470,1
4471,1
4472,1
4473,4
4474,5
4475,4
4476,1
4477,4
4478,3
4479,1
4480,5
4481,1
4482,1
4483,3
4484,5
4485,1
4486,5
4487,4
4488,5
4489,2
4490,1
4491,3
4492,4
4493,1
4494,5
4495,4
4496,1
4497,1
4498,1
4499,5
4500,4
4501,5
4502,5
4503,3
4504,1
4505,3
4506,5
4507,3
4508,3
4509,4
4510,3
4511,5
4512,4
4513,1
4514,5
4515,1
4516,5
4517,1
4518,5
4519,4
4520,4
4521,1
4522,1
4523,5
4524,1
4525,1
4526,1
4527,4
4528,3
4529,3
4530,5
4531,3
4532,4
4533,5
4534,5
4535,1
4536,3
4537,5
4538,5
4539,5
4540,2
4541,2
4542,2
4543,2
4544,4
4545,4
4546,4
4547,5
4548,1
4549,2
4550,5
4551,4
4552,5
4553,2
4554,2
4555,4
4556,1
4557,5
4558,4
4559,5
4560,4
4561,5
4562,1
4563,1
4564,5
4565,2
4566,1
4567,4
4568,1
4569,1
4570,1
4571,1
4572,1
4573,5
4574,4
4575,4
4576,5
4577,1
4578,1
4579,1
4580,5
4581,1
4582,4
4583,1
4584,2
4585,1
4586,5
4587,1
4588,5
4589,4
4590,1
4591,1
4592,4
4593,5
4594,1
4595,4
4596,5
4597,5
4598,2
4599,5
4600,1
4601,5
4602,5
4603,5
4604,4
4605,5
4606,1
4607,2
4608,2
4609,2
4610,4
4611,5
4612,1
4613,4
4614,1
4615,4
4616,3
4617,2
4618,1
4619,1
4620,5
4621,2
4622,3
4623,2
4624,3
4625,2
4626,4
4627,4
4628,5
4629,4
4630,5
4631,3
4632,1
4633,2
4634,2
4635,4
4636,2
4637,1
4638,5
4639,4
4640,5
4641,1
4642,4
4643,1
4644,1
4645,4
4646,5
4647,2
4648,2
4649,1
4650,5
4651,3
4652,2
4653,1
4654,1
4655,5
4656,5
4657,5
4658,5
4659,1
4660,5
4661,1
4662,5
4663,2
4664,2
4665,2
4666,5
4667,2
4668,2
4669,1
4670,4
4671,4
4672,2
4673,2
4674,1
4675,4
4676,1
4677,1
4678,1
4679,2
4680,1
4681,2
4682,5
4683,5
4684,1
4685,5
4686,5
4687,5
4688,2
4689,1
4690,2
4691,2
4692,1
4693,5
4694,2
4695,1
4696,1
4697,2
4698,5
4699,1
4700,2
4701,4
4702,5
4703,4
4704,5
4705,1
4706,2
4707,4
4708,5
4709,1
4710,1
4711,4
4712,4
4713,5
4714,1
4715,5
4716,1
4717,5
4718,1
4719,1
4720,1
4721,1
4722,5
4723,1
4724,1
4725,1
4726,4
4727,1
4728,3
4729,1
4730,4
4731,5
4732,5
4733,4
4734,1
4735,5
4736,4
4737,5
4738,3
4739,1
4740,5
4741,1
4742,2
4743,5
4744,2
4745,4
4746,5
4747,5
4748,1
4749,1
4750,5
4751,1
4752,1
4753,5
4754,4
4755,1
4756,4
4757,4
4758,1
4759,5
4760,5
4761,4
4762,3
4763,1
4764,4
4765,5
4766,5
4767,1
4768,4
4769,4
4770,5
4771,1
4772,3
4773,4
4774,2
4775,1
4776,1
4777,4
4778,5
4779,1
4780,2
4781,4
4782,4
4783,5
4784,5
4785,5
4786,5
4787,4
4788,3
4789,1
4790,2
4791,2
4792,5
4793,3
4794,1
4795,4
4796,1
4797,3
4798,5
4799,1
4800,4
4801,2
4802,2
4803,4
4804,5
4805,2
4806,3
4807,5
4808,5
4809,4
4810,2
4811,5
4812,4
4813,5
4814,4
4815,1
4816,1
4817,4
4818,3
4819,4
4820,2
4821,5
4822,4
4823,4
4824,1
4825,4
4826,5
4827,3
4828,4
4829,5
4830,2
4831,1
4832,1
4833,2
4834,4
4835,3
4836,4
4837,3
4838,4
4839,2
4840,5
4841,5
4842,2
4843,1
4844,3
4845,5
4846,1
4847,5
4848,5
4849,2
4850,1
4851,1
4852,5
4853,5
4854,4
4855,2
4856,5
4857,1
4858,3
4859,1
4860,2
4861,5
4862,4
4863,4
4864,4
4865,1
4866,5
4867,4
4868,1
4869,1
4870,4
4871,5
4872,3
4873,1
4874,5
4875,4
4876,2
4877,5
4878,4
4879,1
4880,2
4881,4
4882,4
4883,1
4884,1
4885,3
4886,4
4887,2
4888,1
4889,5
4890,5
4891,4
4892,1
4893,2
4894,4
4895,5
4896,4
4897,1
4898,5
4899,4
4900,2
4901,5
4902,1
4903,5
4904,5
4905,1
4906,4
4907,4
4908,5
4909,4
4910,5
4911,1
4912,5
4913,4
4914,1
4915,1
4916,1
4917,4
4918,2
4919,5
4920,4
4921,5
4922,2
4923,5
4924,4
4925,1
4926,3
4927,3
4928,1
4929,1
4930,2
4931,3
4932,2
4933,1
4934,2
4935,2
4936,1
4937,1
4938,3
4939,4
4940,2
4941,2
4942,1
4943,2
4944,4
4945,1
4946,5
4947,4
4948,5
4949,4
4950,4
4951,4
4952,4
4953,5
4954,4
4955,4
4956,4
4957,5
4958,4
4959,5
4960,5
4961,5
4962,2
4963,1
4964,5
4965,5
4966,5
4967,2
4968,5
4969,4
4970,5
4971,1
4972,5
4973,1
4974,5
4975,5
4976,5
4977,5
4978,4
4979,2
4980,4
4981,5
4982,4
4983,5
4984,5
4985,4
4986,3
4987,1
4988,5
4989,1
4990,1
4991,3
4992,5
4993,5
4994,3
4995,1
4996,4
4997,5
4998,4
4999,5
5000,5
5001,2
5002,1
5003,1
5004,1
5005,1
5006,5
5007,4
5008,4
5009,1
5010,5
5011,4
5012,5
5013,5
5014,4
5015,5
5016,5
5017,1
5018,2
5019,2
5020,2
5021,2
5022,5
5023,5
5024,4
5025,4
5026,2
5027,3
5028,1
5029,5
5030,1
5031,5
5032,5
5033,5
5034,5
5035,2
5036,4
5037,4
5038,4
5039,4
5040,4
5041,2
5042,1
5043,3
5044,4
5045,5
5046,5
5047,2
5048,4
5049,2
5050,1
5051,4
5052,5
5053,5
5054,1
5055,5
5056,2
5057,5
5058,2
5059,5
5060,4
5061,4
5062,5
5063,5
5064,5
5065,5
5066,2
5067,2
5068,1
5069,5
5070,2
5071,2
5072,2
5073,5
5074,2
5075,4
5076,1
5077,5
5078,2
5079,5
5080,3
5081,1
5082,5
5083,1
5084,5
5085,3
5086,1
5087,1
5088,2
5089,4
5090,1
5091,2
5092,1
5093,2
5094,5
5095,1
5096,1
5097,4
5098,2
5099,1
5100,1
5101,2
5102,5
5103,2
5104,1
5105,4
5106,4
5107,4
5108,5
5109,5
5110,4
5111,1
5112,1
5113,5
5114,2
5115,2
5116,4
5117,1
5118,4
5119,3
5120,1
5121,5
5122,2
5123,5
5124,1
5125,5
5126,4
5127,5
5128,1
5129,1
5130,1
5131,1
5132,5
5133,4
5134,5
5135,1
5136,4
5137,4
5138,1
5139,4
5140,3
5141,2
5142,5
5143,5
5144,1
5145,1
5146,4
5147,5
5148,4
5149,1
5150,1
5151,4
5152,4
5153,5
5154,1
5155,1
5156,5
5157,3
5158,2
5159,3
5160,1
5161,1
5162,5
5163,2
5164,1
5165,3
5166,1
5167,4
5168,5
5169,5
5170,1
5171,2
5172,1
5173,1
5174,1
5175,4
5176,1
5177,5
5178,1
5179,1
5180,5
5181,2
5182,1
5183,4
5184,4
5185,4
5186,1
5187,5
5188,1
5189,5
5190,3
5191,4
5192,3
5193,4
5194,1
5195,4
5196,1
5197,4
5198,4
5199,2
5200,1
5201,5
5202,5
5203,4
5204,1
5205,1
5206,2
5207,1
5208,5
5209,2
5210,1
5211,5
5212,2
5213,4
5214,5
5215,5
5216,2
5217,1
5218,1
5219,4
5220,2
5221,2
5222,5
5223,5
5224,4
5225,1
5226,4
5227,1
5228,4
5229,1
5230,5
5231,4
5232,3
5233,2
5234,5
5235,2
5236,4
5237,3
5238,5
5239,4
5240,1
5241,2
5242,5
5243,2
5244,4
5245,2
5246,4
5247,5
5248,5
5249,1
5250,5
5251,2
5252,5
5253,2
5254,2
5255,2
5256,5
5257,5
5258,1
5259,1
5260,4
5261,1
5262,1
5263,2
5264,5
5265,2
5266,1
5267,5
5268,2
5269,5
5270,5
5271,4
5272,2
5273,5
5274,3
5275,1
5276,1
5277,2
5278,5
5279,4
5280,4
5281,2
5282,2
5283,1
5284,5
5285,5
5286,2
5287,1
5288,5
5289,5
5290,1
5291,1
5292,1
5293,4
5294,1
5295,2
5296,2
5297,4
5298,1
5299,5
5300,4
5301,5
5302,1
5303,2
5304,5
5305,5
5306,5
5307,2
5308,1
5309,4
5310,5
5311,5
5312,5
5313,1
5314,5
5315,1
5316,5
5317,5
5318,5
5319,4
5320,2
5321,5
5322,4
5323,5
5324,5
5325,4
5326,1
5327,1
5328,1
5329,3
5330,1
5331,4
5332,4
5333,4
5334,1
5335,2
5336,5
5337,1
5338,2
5339,4
5340,2
5341,3
5342,1
5343,1
5344,1
5345,1
5346,5
5347,5
5348,4
5349,2
5350,2
5351,2
5352,1
5353,4
5354,5
5355,4
5356,2
5357,1
5358,5
5359,1
5360,4
5361,5
5362,1
5363,3
5364,4
5365,1
5366,1
5367,2
5368,3
5369,4
5370,1
5371,4
5372,5
5373,2
5374,5
5375,1
5376,5
5377,2
5378,3
5379,2
5380,2
5381,4
5382,5
5383,4
5384,5
5385,5
5386,5
5387,4
5388,5
5389,5
5390,1
5391,4
5392,1
5393,1
5394,4
5395,4
5396,5
5397,1
5398,5
5399,4
5400,4
5401,1
5402,5
5403,1
5404,4
5405,3
5406,2
5407,2
5408,4
5409,1
5410,1
5411,3
5412,5
5413,1
5414,5
5415,4
5416,4
5417,4
5418,5
5419,4
5420,3
5421,1
5422,1
5423,2
5424,5
5425,2
5426,1
5427,1
5428,5
5429,2
5430,1
5431,2
5432,5
5433,5
5434,1
5435,5
5436,2
5437,2
5438,2
5439,4
5440,1
5441,5
5442,5
5443,1
5444,5
5445,1
5446,5
5447,4
5448,4
5449,5
5450,4
5451,1
5452,3
5453,4
5454,5
5455,4
5456,5
5457,4
5458,2
5459,2
5460,5
5461,5
5462,5
5463,2
5464,5
5465,1
5466,5
5467,4
5468,2
5469,1
5470,5
5471,5
5472,5
5473,5
5474,1
5475,5
5476,1
5477,1
5478,3
5479,2
5480,5
5481,1
5482,1
5483,1
5484,4
5485,2
5486,5
5487,5
5488,2
5489,1
5490,1
5491,5
5492,4
5493,5
5494,1
5495,2
5496,5
5497,2
5498,2
5499,5
5500,1
5501,5
5502,1
5503,5
5504,2
5505,1
5506,5
5507,5
5508,1
5509,5
5510,1
5511,5
5512,5
5513,5
5514,1
5515,1
5516,2
5517,1
5518,1
5519,3
5520,5
5521,1
5522,4
5523,1
5524,5
5525,4
5526,4
5527,2
5528,4
5529,5
5530,5
5531,4
5532,2
5533,4
5534,5
5535,4
5536,3
5537,1
5538,4
5539,4
5540,2
5541,2
5542,5
5543,5
5544,1
5545,1
5546,5
5547,1
5548,4
5549,4
5550,4
5551,5
5552,1
5553,4
5554,3
5555,1
5556,2
5557,1
5558,1
5559,5
5560,2
5561,5
5562,1
5563,4
5564,2
5565,4
5566,5
5567,4
5568,2
5569,4
5570,5
5571,1
5572,1
5573,1
5574,1
5575,5
5576,5
5577,3
5578,1
5579,4
5580,4
5581,5
5582,1
5583,4
5584,5
5585,5
5586,4
5587,4
5588,4
5589,1
5590,5
5591,4
5592,2
5593,4
5594,4
5595,5
5596,2
5597,4
5598,3
5599,1
5600,1
5601,1
5602,1
5603,5
5604,4
5605,4
5606,2
5607,4
5608,5
5609,1
5610,4
5611,1
5612,5
5613,1
5614,5
5615,5
5616,1
5617,2
5618,4
5619,1
5620,4
5621,2
5622,5
5623,1
5624,1
5625,1
5626,1
5627,1
5628,1
5629,1
5630,1
5631,1
5632,5
5633,2
5634,3
5635,5
5636,1
5637,2
5638,5
5639,5
5640,1
5641,5
5642,1
5643,5
5644,4
5645,5
5646,4
5647,5
5648,4
5649,4
5650,4
5651,5
5652,5
5653,5
5654,5
5655,5
5656,5
5657,4
5658,4
5659,4
5660,5
5661,1
5662,3
5663,5
5664,3
5665,2
5666,2
5667,5
5668,2
5669,1
5670,5
5671,5
5672,4
5673,2
5674,4
5675,5
5676,1
5677,1
5678,1
5679,4
5680,2
5681,5
5682,1
5683,1
5684,5
5685,1
5686,4
5687,1
5688,5
5689,5
5690,2
5691,4
5692,4
5693,4
5694,5
5695,2
5696,4
5697,5
5698,3
5699,1
5700,3
5701,1
5702,1
5703,5
5704,4
5705,5
5706,2
5707,5
5708,2
5709,3
5710,5
5711,2
5712,1
5713,5
5714,4
5715,2
5716,4
5717,5
5718,1
5719,4
5720,1
5721,5
5722,5
5723,4
5724,1
5725,1
5726,2
5727,4
5728,2
5729,1
5730,1
5731,5
5732,1
5733,4
5734,2
5735,5
5736,1
5737,1
5738,2
5739,5
5740,5
5741,4
5742,5
5743,5
5744,5
5745,4
5746,5
5747,1
5748,5
5749,5
5750,2
5751,5
5752,5
5753,1
5754,1
5755,1
5756,3
5757,5
5758,2
5759,4
5760,5
5761,5
5762,3
5763,4
5764,2
5765,1
5766,5
5767,5
5768,5
5769,5
5770,1
5771,5
5772,3
5773,2
5774,1
5775,5
5776,2
5777,5
5778,1
5779,1
5780,2
5781,2
5782,4
5783,5
5784,4
5785,2
5786,1
5787,1
5788,5
5789,5
5790,4
5791,4
5792,5
5793,1
5794,1
5795,2
5796,2
5797,1
5798,3
5799,2
5800,3
5801,1
5802,1
5803,5
5804,1
5805,1
5806,1
5807,1
5808,2
5809,5
5810,3
5811,1
5812,1
5813,4
5814,1
5815,2
5816,2
5817,3
5818,2
5819,5
5820,3
5821,3
5822,1
5823,4
5824,5
5825,4
5826,5
5827,5
5828,2
5829,1
5830,1
5831,2
5832,2
5833,1
5834,3
5835,1
5836,5
5837,2
5838,1
5839,1
5840,4
5841,5
5842,1
5843,5
5844,2
5845,4
5846,5
5847,5
5848,4
5849,3
5850,4
5851,1
5852,5
5853,5
5854,4
5855,1
5856,4
5857,3
5858,1
5859,1
5860,4
5861,4
5862,4
5863,1
5864,5
5865,5
5866,5
5867,5
5868,4
5869,4
5870,4
5871,2
5872,5
5873,1
5874,4
5875,4
5876,3
5877,5
5878,1
5879,1
5880,1
5881,1
5882,2
5883,5
5884,1
5885,1
5886,2
5887,4
5888,1
5889,4
5890,3
5891,5
5892,2
5893,5
5894,5
5895,1
5896,5
5897,4
5898,5
5899,5
5900,2
5901,1
5902,2
5903,1
5904,5
5905,4
5906,4
5907,1
5908,1
5909,2
5910,5
5911,5
5912,5
5913,5
5914,5
5915,5
5916,4
5917,5
5918,5
5919,4
5920,1
5921,3
5922,1
5923,5
5924,4
5925,1
5926,5
5927,1
5928,3
5929,5
5930,1
5931,5
5932,5
5933,2
5934,4
5935,1
5936,4
5937,4
5938,2
5939,3
5940,4
5941,4
5942,4
5943,5
5944,5
5945,1
5946,1
5947,3
5948,4
5949,1
5950,4
5951,2
5952,1
5953,5
5954,5
5955,2
5956,5
5957,2
5958,1
5959,4
5960,1
5961,4
5962,2
5963,4
5964,5
5965,5
5966,5
5967,1
5968,4
5969,1
5970,3
5971,5
5972,3
5973,5
5974,5
5975,5
5976,5
5977,1
5978,5
5979,5
5980,2
5981,1
5982,1
5983,5
5984,1
5985,4
5986,1
5987,1
5988,1
5989,2
5990,1
5991,4
5992,4
5993,1
5994,1
5995,4
5996,5
5997,5
5998,4
5999,5
6000,3
6001,2
6002,5
6003,2
6004,2
6005,5
6006,5
6007,1
6008,1
6009,1
6010,4
6011,4
6012,4
6013,1
6014,3
6015,5
6016,1
6017,1
6018,4
6019,4
6020,2
6021,4
6022,4
6023,2
6024,2
6025,5
6026,5
6027,5
6028,5
6029,4
6030,5
6031,5
6032,2
6033,4
6034,1
6035,4
6036,1
6037,1
6038,2
6039,2
6040,1
6041,1
6042,1
6043,3
6044,5
6045,2
6046,4
6047,4
6048,1
6049,4
6050,5
6051,1
6052,2
6053,5
6054,5
6055,4
6056,5
6057,4
6058,4
6059,5
6060,3
6061,4
6062,5
6063,4
6064,5
6065,2
6066,5
6067,5
6068,4
6069,4
6070,1
6071,1
6072,1
6073,4
6074,5
6075,5
6076,4
6077,5
6078,4
6079,5
6080,4
6081,2
6082,4
6083,5
6084,5
6085,1
6086,5
6087,2
6088,4
6089,2
6090,5
6091,2
6092,1
6093,5
6094,1
6095,1
6096,2
6097,2
6098,4
6099,2
6100,1
6101,4
6102,5
6103,4
6104,4
6105,4
6106,4
6107,5
6108,5
6109,1
6110,4
6111,3
6112,1
6113,5
6114,4
6115,4
6116,5
6117,4
6118,3
6119,5
6120,5
6121,2
6122,1
6123,1
6124,5
6125,5
6126,2
6127,5
6128,1
6129,5
6130,4
6131,1
6132,5
6133,5
6134,4
6135,5
6136,1
6137,4
6138,5
6139,1
6140,5
6141,2
6142,1
6143,1
6144,5
6145,5
6146,1
6147,1
6148,5
6149,2
6150,3
6151,4
6152,5
6153,5
6154,1
6155,1
6156,5
6157,5
6158,1
6159,5
6160,5
6161,2
6162,5
6163,1
6164,1
6165,1
6166,1
6167,1
6168,4
6169,5
6170,1
6171,1
6172,5
6173,1
6174,5
6175,1
6176,5
6177,5
6178,4
6179,5
6180,4
6181,1
6182,1
6183,5
6184,1
6185,5
6186,1
6187,4
6188,1
6189,5
6190,4
6191,1
6192,4
6193,1
6194,4
6195,3
6196,4
6197,2
6198,1
6199,4
6200,1
6201,1
6202,4
6203,5
6204,1
6205,5
6206,3
6207,5
6208,4
6209,5
6210,4
6211,1
6212,2
6213,1
6214,5
6215,4
6216,1
6217,5
6218,5
6219,4
6220,5
6221,5
6222,1
6223,4
6224,1
6225,4
6226,4
6227,5
6228,4
6229,4
6230,1
6231,5
6232,1
6233,4
6234,1
6235,5
6236,4
6237,5
6238,5
6239,4
6240,5
6241,1
6242,5
6243,4
6244,5
6245,1
6246,5
6247,2
6248,4
6249,5
6250,3
6251,4
6252,4
6253,1
6254,1
6255,1
6256,2
6257,1
6258,3
6259,5
6260,1
6261,1
6262,4
6263,1
6264,1
6265,1
6266,1
6267,2
6268,4
6269,4
6270,3
6271,1
6272,2
6273,4
6274,4
6275,1
6276,1
6277,4
6278,3
6279,4
6280,1
6281,3
6282,2
6283,5
6284,5
6285,4
6286,5
6287,1
6288,4
6289,1
6290,1
6291,4
6292,5
6293,4
6294,1
6295,4
6296,5
6297,4
6298,3
6299,3
6300,4
6301,5
6302,5
6303,1
6304,5
6305,5
6306,5
6307,4
6308,5
6309,3
6310,1
6311,1
6312,1
6313,5
6314,3
6315,5
6316,1
6317,4
6318,4
6319,1
6320,4
6321,5
6322,5
6323,1
6324,1
6325,3
6326,5
6327,4
6328,2
6329,4
6330,4
6331,4
6332,2
6333,1
6334,4
6335,5
6336,1
6337,5
6338,4
6339,1
6340,5
6341,5
6342,5
6343,1
6344,1
6345,4
6346,5
6347,4
6348,5
6349,5
6350,5
6351,4
6352,1
6353,5
6354,4
6355,5
6356,5
6357,2
6358,5
6359,4
6360,1
6361,5
6362,1
6363,1
6364,1
6365,1
6366,3
6367,1
6368,2
6369,2
6370,5
6371,4
6372,1
6373,1
6374,1
6375,4
6376,4
6377,1
6378,5
6379,5
6380,1
6381,4
6382,4
6383,5
6384,4
6385,4
6386,5
6387,2
6388,5
6389,2
6390,1
6391,5
6392,2
6393,5
6394,2
6395,1
6396,5
6397,1
6398,2
6399,1
6400,1
6401,3
6402,2
6403,5
6404,5
6405,1
6406,4
6407,4
6408,3
6409,5
6410,1
6411,5
6412,1
6413,5
6414,5
6415,5
6416,1
6417,4
6418,4
6419,3
6420,1
6421,5
6422,5
6423,4
6424,5
6425,5
6426,4
6427,2
6428,1
6429,2
6430,1
6431,1
6432,1
6433,4
6434,5
6435,4
6436,5
6437,5
6438,5
6439,5
6440,1
6441,1
6442,2
6443,1
6444,1
6445,4
6446,5
6447,4
6448,1
6449,1
6450,2
6451,3
6452,2
6453,3
6454,1
6455,1
6456,5
6457,1
6458,1
6459,4
6460,2
6461,3
6462,3
6463,5
6464,5
6465,5
6466,5
6467,4
6468,4
6469,2
6470,5
6471,3
6472,4
6473,4
6474,1
6475,5
6476,1
6477,1
6478,1
6479,1
6480,1
6481,5
6482,1
6483,2
6484,5
6485,1
6486,5
6487,5
6488,2
6489,5
6490,2
6491,1
6492,5
6493,3
6494,1
6495,3
6496,1
6497,4
6498,5
6499,3
6500,5
6501,4
6502,5
6503,5
6504,5
6505,4
6506,2
6507,4
6508,2
6509,1
6510,1
6511,1
6512,1
6513,1
6514,4
6515,5
6516,5
6517,2
6518,2
6519,5
6520,5
6521,1
6522,1
6523,4
6524,4
6525,3
6526,2
6527,2
6528,5
6529,2
6530,4
6531,5
6532,4
6533,2
6534,1
6535,2
6536,2
6537,4
6538,1
6539,1
6540,1
6541,3
6542,1
6543,1
6544,5
6545,2
6546,1
6547,1
6548,1
6549,1
6550,2
6551,5
6552,5
6553,1
6554,5
6555,4
6556,1
6557,1
6558,5
6559,5
6560,5
6561,4
6562,5
6563,1
6564,1
6565,2
6566,2
6567,4
6568,4
6569,2
6570,4
6571,3
6572,5
6573,1
6574,5
6575,2
6576,5
6577,1
6578,2
6579,4
6580,1
6581,4
6582,4
6583,1
6584,2
6585,1
6586,2
6587,1
6588,1
6589,5
6590,3
6591,4
6592,1
6593,5
6594,4
6595,1
6596,4
6597,1
6598,4
6599,5
6600,4
6601,1
6602,1
6603,4
6604,4
6605,5
6606,2
6607,4
6608,1
6609,1
6610,1
6611,1
6612,3
6613,5
6614,5
6615,4
6616,1
6617,3
6618,3
6619,1
6620,4
6621,2
6622,4
6623,3
6624,5
6625,4
6626,5
6627,2
6628,4
6629,4
6630,5
6631,1
6632,5
6633,3
6634,5
6635,4
6636,5
6637,2
6638,5
6639,5
6640,3
6641,4
6642,1
6643,3
6644,5
6645,1
6646,5
6647,2
6648,1
6649,1
6650,1
6651,1
6652,1
6653,4
6654,4
6655,5
6656,1
6657,2
6658,2
6659,5
6660,5
6661,2
6662,2
6663,1
6664,3
6665,5
6666,2
6667,3
6668,3
6669,5
6670,3
6671,4
6672,4
6673,4
6674,1
6675,1
6676,5
6677,4
6678,1
6679,5
6680,2
6681,2
6682,5
6683,5
6684,5
6685,5
6686,1
6687,2
6688,2
6689,1
6690,5
6691,1
6692,1
6693,1
6694,2
6695,4
6696,4
6697,4
6698,1
6699,5
6700,5
6701,4
6702,4
6703,4
6704,1
6705,5
6706,5
6707,5
6708,1
6709,1
6710,5
6711,3
6712,5
6713,1
6714,2
6715,1
6716,4
6717,3
6718,5
6719,5
6720,4
6721,3
6722,1
6723,4
6724,1
6725,5
6726,4
6727,5
6728,4
6729,1
6730,5
6731,5
6732,5
6733,1
6734,5
6735,5
6736,4
6737,5
6738,1
6739,1
6740,4
6741,3
6742,2
6743,5
6744,1
6745,2
6746,1
6747,5
6748,5
6749,4
6750,1
6751,4
6752,5
6753,1
6754,1
6755,4
6756,1
6757,5
6758,4
6759,4
6760,1
6761,5
6762,2
6763,5
6764,5
6765,4
6766,1
6767,1
6768,4
6769,1
6770,4
6771,2
6772,1
6773,1
6774,4
6775,2
6776,1
6777,1
6778,5
6779,4
6780,2
6781,5
6782,1
6783,3
6784,1
6785,1
6786,5
6787,1
6788,4
6789,5
6790,2
6791,1
6792,5
6793,1
6794,4
6795,2
6796,5
6797,2
6798,5
6799,2
6800,5
6801,2
6802,1
6803,1
6804,1
6805,1
6806,2
6807,5
6808,3
6809,4
6810,5
6811,3
6812,4
6813,1
6814,1
6815,1
6816,5
6817,4
6818,5
6819,1
6820,5
6821,4
6822,1
6823,4
6824,2
6825,1
6826,1
6827,4
6828,4
6829,4
6830,4
6831,4
6832,4
6833,5
6834,4
6835,5
6836,4
6837,1
6838,5
6839,5
6840,1
6841,5
6842,2
6843,1
6844,1
6845,1
6846,5
6847,4
6848,1
6849,4
6850,1
6851,4
6852,4
6853,4
6854,2
6855,4
6856,1
6857,5
6858,2
6859,4
6860,4
6861,3
6862,5
6863,4
6864,4
6865,4
6866,5
6867,1
6868,4
6869,4
6870,3
6871,5
6872,1
6873,4
6874,4
6875,3
6876,5
6877,4
6878,4
6879,5
6880,2
6881,1
6882,1
6883,1
6884,5
6885,4
6886,1
6887,2
6888,5
6889,4
6890,2
6891,1
6892,4
6893,3
6894,1
6895,1
6896,3
6897,1
6898,1
6899,4
6900,1
6901,4
6902,4
6903,5
6904,3
6905,5
6906,5
6907,5
6908,1
6909,3
6910,4
6911,1
6912,2
6913,2
6914,1
6915,3
6916,5
6917,1
6918,5
6919,1
6920,1
6921,3
6922,4
6923,1
6924,5
6925,1
6926,1
6927,1
6928,3
6929,3
6930,1
6931,5
6932,3
6933,5
6934,5
6935,1
6936,2
6937,4
6938,5
6939,4
6940,2
6941,2
6942,4
6943,5
6944,4
6945,5
6946,4
6947,1
6948,1
6949,4
6950,3
6951,1
6952,4
6953,4
6954,1
6955,1
6956,4
6957,1
6958,2
6959,1
6960,1
6961,4
6962,5
6963,4
6964,1
6965,1
6966,5
6967,4
6968,1
6969,1
6970,4
6971,5
6972,4
6973,1
6974,4
6975,1
6976,5
6977,1
6978,2
6979,4
6980,5
6981,4
6982,1
6983,5
6984,4
6985,4
6986,4
6987,5
6988,1
6989,4
6990,4
6991,1
6992,5
6993,4
6994,4
6995,4
6996,1
6997,4
6998,5
6999,4
7000,1
7001,4
7002,4
7003,1
7004,4
7005,1
7006,4
7007,4
7008,2
7009,4
7010,3
7011,5
7012,1
7013,4
7014,3
7015,4
7016,4
7017,2
7018,4
7019,2
7020,1
7021,1
7022,2
7023,4
7024,5
7025,4
7026,2
7027,1
7028,1
7029,1
7030,1
7031,1
7032,1
7033,1
7034,1
7035,4
7036,1
7037,1
7038,5
7039,3
7040,4
7041,2
7042,4
7043,4
7044,4
7045,2
7046,1
7047,3
7048,4
7049,1
7050,4
7051,2
7052,5
7053,4
7054,4
7055,1
7056,1
7057,1
7058,2
7059,4
7060,1
7061,1
7062,4
7063,1
7064,2
7065,4
7066,1
7067,1
7068,1
7069,3
7070,1
7071,4
7072,5
7073,4
7074,5
7075,3
7076,1
7077,4
7078,5
7079,1
7080,1
7081,2
7082,1
7083,1
7084,2
7085,4
7086,5
7087,5
7088,4
7089,4
7090,1
7091,3
7092,5
7093,1
7094,1
7095,4
7096,1
7097,4
7098,4
7099,4
7100,5
7101,1
7102,2
7103,1
7104,5
7105,1
7106,4
7107,4
7108,4
7109,4
7110,1
7111,1
7112,1
7113,4
7114,4
7115,1
7116,4
7117,1
7118,4
7119,5
7120,1
7121,5
7122,3
7123,1
7124,4
7125,1
7126,2
7127,1
7128,4
7129,5
7130,1
7131,4
7132,1
7133,4
7134,4
7135,2
7136,4
7137,3
7138,1
7139,4
7140,2
7141,4
7142,4
7143,4
7144,3
7145,3
7146,2
7147,1
7148,1
7149,4
7150,4
7151,1
7152,1
7153,4
7154,4
7155,4
7156,3
7157,1
7158,1
7159,1
7160,2
7161,1
7162,4
7163,4
7164,4
7165,4
7166,5
7167,4
7168,1
7169,5
7170,4
7171,5
7172,1
7173,4
7174,1
7175,1
7176,4
7177,4
7178,5
7179,1
7180,2
7181,3
7182,1
7183,1
7184,4
7185,1
7186,1
7187,2
7188,1
7189,3
7190,3
7191,1
7192,1
7193,4
7194,1
7195,4
7196,4
7197,1
7198,5
7199,3
7200,2
7201,4
7202,5
7203,4
7204,4
7205,4
7206,1
7207,1
7208,5
7209,4
7210,4
7211,4
7212,2
7213,4
7214,5
7215,1
7216,4
7217,1
7218,1
7219,1
7220,4
7221,1
7222,3
7223,1
7224,1
7225,1
7226,1
7227,5
7228,1
7229,2
7230,4
7231,1
7232,5
7233,4
7234,4
7235,4
7236,4
7237,3
7238,2
7239,4
7240,4
7241,1
7242,1
7243,1
7244,4
7245,1
7246,1
7247,4
7248,1
7249,4
7250,4
7251,1
7252,5
7253,1
7254,4
7255,1
7256,4
7257,1
7258,1
7259,5
7260,1
7261,1
7262,5
7263,1
7264,1
7265,4
7266,3
7267,4
7268,4
7269,5
7270,1
7271,4
7272,2
7273,4
7274,4
7275,1
7276,4
7277,1
7278,1
7279,4
7280,5
7281,4
7282,2
7283,4
7284,4
7285,4
7286,5
7287,5
7288,5
7289,1
7290,1
7291,1
7292,2
7293,3
7294,3
7295,1
7296,4
7297,5
7298,1
7299,3
7300,1
7301,1
7302,3
7303,4
7304,4
7305,4
7306,1
7307,4
7308,4
7309,1
7310,1
7311,4
7312,1
7313,4
7314,4
7315,1
7316,1
7317,1
7318,1
7319,2
7320,5
7321,3
7322,1
7323,1
7324,4
7325,4
7326,2
7327,1
7328,4
7329,1
7330,4
7331,2
7332,4
7333,3
7334,4
7335,4
7336,4
7337,1
7338,4
7339,1
7340,4
7341,4
7342,1
7343,2
7344,3
7345,4
7346,1
7347,1
7348,1
7349,2
7350,4
7351,4
7352,5
7353,4
7354,4
7355,4
7356,4
7357,1
7358,4
7359,1
7360,4
7361,4
7362,4
7363,4
7364,4
7365,1
7366,4
7367,1
7368,4
7369,1
7370,4
7371,1
7372,4
7373,1
7374,4
7375,4
7376,1
7377,1
7378,4
7379,1
7380,1
7381,1
7382,4
7383,4
7384,1
7385,4
7386,4
7387,4
7388,3
7389,4
7390,1
7391,4
7392,1
7393,1
7394,1
7395,1
7396,1
7397,5
7398,1
7399,4
7400,1
7401,1
7402,1
7403,4
7404,4
7405,1
7406,1
7407,1
7408,4
7409,1
7410,1
7411,2
7412,4
7413,4
7414,1
7415,4
7416,4
7417,1
7418,1
7419,1
7420,4
7421,4
7422,1
7423,5
7424,1
7425,1
7426,1
7427,1
7428,2
7429,4
7430,1
7431,1
7432,1
7433,4
7434,1
7435,1
7436,1
7437,1
7438,2
7439,1
7440,4
7441,1
7442,3
7443,2
7444,4
7445,1
7446,4
7447,1
7448,1
7449,2
7450,4
7451,1
7452,4
7453,1
7454,4
7455,4
7456,4
7457,4
7458,1
7459,1
7460,3
7461,4
7462,4
7463,1
7464,4
7465,1
7466,1
7467,1
7468,1
7469,4
7470,1
7471,1
7472,4
7473,4
7474,4
7475,3
7476,1
7477,3
7478,1
7479,1
7480,1
7481,1
7482,1
7483,2
7484,2
7485,3
7486,4
7487,1
7488,5
7489,2
7490,1
7491,4
7492,1
7493,4
7494,1
7495,1
7496,5
7497,4
7498,1
7499,4
7500,4
7501,5
7502,1
7503,1
7504,4
7505,4
7506,4
7507,5
7508,1
7509,4
7510,4
7511,4
7512,4
7513,4
7514,1
7515,5
7516,4
7517,1
7518,4
7519,4
7520,1
7521,1
7522,4
7523,1
7524,4
7525,2
7526,1
7527,4
7528,4
7529,4
7530,4
7531,1
7532,4
7533,1
7534,1
7535,1
7536,3
7537,1
7538,1
7539,1
7540,1
7541,1
7542,2
7543,1
7544,1
7545,1
7546,4
7547,4
7548,2
7549,4
7550,4
7551,4
7552,4
7553,1
7554,3
7555,2
7556,3
7557,1
7558,1
7559,4
7560,1
7561,3
7562,1
7563,4
7564,1
7565,1
7566,4
7567,1
7568,1
7569,4
7570,4
7571,1
7572,4
7573,1
7574,4
7575,2
7576,1
7577,1
7578,2
7579,1
7580,3
7581,4
7582,1
7583,4
7584,4
7585,5
7586,1
7587,1
7588,4
7589,4
7590,4
7591,4
7592,5
7593,4
7594,1
7595,4
7596,4
7597,2
7598,1
7599,1
7600,4
7601,4
7602,1
7603,4
7604,4
7605,4
7606,4
7607,1
7608,4
7609,2
7610,5
7611,4
7612,3
7613,4
7614,4
7615,1
7616,1
7617,4
7618,1
7619,4
7620,4
7621,4
7622,1
7623,3
7624,1
7625,1
7626,1
7627,4
7628,4
7629,4
7630,5
7631,4
7632,4
7633,4
7634,5
7635,4
7636,4
7637,4
7638,1
7639,1
7640,5
7641,4
7642,4
7643,1
7644,4
7645,5
7646,5
7647,4
7648,1
7649,4
7650,1
7651,1
7652,4
7653,4
7654,3
7655,4
7656,1
7657,1
7658,4
7659,4
7660,4
7661,4
7662,1
7663,4
7664,4
7665,1
7666,1
7667,3
7668,1
7669,1
7670,4
7671,3
7672,4
7673,3
7674,1
7675,4
7676,1
7677,4
7678,4
7679,4
7680,4
7681,4
7682,5
7683,1
7684,3
7685,2
7686,1
7687,4
7688,1
7689,1
7690,1
7691,2
7692,1
7693,1
7694,1
7695,1
7696,1
7697,2
7698,1
7699,4
7700,1
7701,1
7702,1
7703,4
7704,1
7705,1
7706,4
7707,4
7708,1
7709,1
7710,1
7711,1
7712,4
7713,4
7714,4
7715,4
7716,4
7717,4
7718,1
7719,1
7720,5
7721,2
7722,4
7723,1
7724,4
7725,1
7726,1
7727,4
7728,1
7729,3
7730,1
7731,1
7732,1
7733,1
7734,4
7735,1
7736,1
7737,4
7738,4
7739,4
7740,4
7741,5
7742,1
7743,1
7744,1
7745,1
7746,3
7747,1
7748,1
7749,1
7750,2
7751,1
7752,4
7753,1
7754,4
7755,1
7756,4
7757,4
7758,1
7759,4
7760,4
7761,4
7762,1
7763,4
7764,1
7765,4
7766,1
7767,4
7768,4
7769,4
7770,4
7771,2
7772,4
7773,4
7774,1
7775,1
7776,1
7777,4
7778,1
7779,4
7780,5
7781,3
7782,4
7783,1
7784,4
7785,1
7786,4
7787,1
7788,4
7789,1
7790,4
7791,1
7792,4
7793,4
7794,1
7795,4
7796,4
7797,4
7798,1
7799,1
7800,4
7801,1
7802,3
7803,4
7804,1
7805,4
7806,4
7807,4
7808,4
7809,4
7810,5
7811,4
7812,1
7813,4
7814,4
7815,1
7816,1
7817,4
7818,1
7819,1
7820,1
7821,1
7822,1
7823,1
7824,4
7825,4
7826,4
7827,1
7828,1
7829,1
7830,1
7831,2
7832,4
7833,3
7834,1
7835,2
7836,1
7837,1
7838,3
7839,1
7840,1
7841,1
7842,4
7843,4
7844,4
7845,4
7846,1
7847,4
7848,2
7849,1
7850,3
7851,5
7852,1
7853,1
7854,4
7855,1
7856,2
7857,3
7858,1
7859,1
7860,4
7861,1
7862,1
7863,4
7864,4
7865,4
7866,4
7867,4
7868,4
7869,4
7870,1
7871,4
7872,1
7873,2
7874,1
7875,1
7876,1
7877,4
7878,1
7879,1
7880,1
7881,4
7882,1
7883,1
7884,4
7885,1
7886,1
7887,4
7888,4
7889,3
7890,1
7891,4
7892,5
7893,1
7894,1
7895,4
7896,1
7897,4
7898,4
7899,4
7900,1
7901,1
7902,3
7903,4
7904,4
7905,4
7906,4
7907,1
7908,1
7909,1
7910,1
7911,4
7912,1
7913,4
7914,4
7915,4
7916,1
7917,1
7918,1
7919,1
7920,3
7921,2
7922,4
7923,3
7924,4
7925,2
7926,4
7927,1
7928,1
7929,1
7930,1
7931,1
7932,1
7933,1
7934,1
7935,1
7936,1
7937,1
7938,1
7939,1
7940,1
7941,4
7942,1
7943,1
7944,1
7945,1
7946,4
7947,4
7948,4
7949,4
7950,4
7951,5
7952,1
7953,3
7954,1
7955,2
7956,2
7957,4
7958,1
7959,4
7960,1
7961,4
7962,1
7963,4
7964,4
7965,4
7966,1
7967,1
7968,1
7969,1
7970,1
7971,1
7972,1
7973,4
7974,4
7975,4
7976,1
7977,1
7978,1
7979,4
7980,4
7981,4
7982,3
7983,1
7984,1
7985,4
7986,4
7987,4
7988,4
7989,4
7990,1
7991,2
7992,1
7993,4
7994,3
7995,1
7996,4
7997,2
7998,3
7999,1
8000,4
8001,4
8002,5
8003,1
8004,1
8005,4
8006,3
8007,1
8008,4
8009,5
8010,4
8011,3
8012,1
8013,1
8014,1
8015,4
8016,3
8017,1
8018,1
8019,1
8020,1
8021,4
8022,2
8023,4
8024,1
8025,4
8026,1
8027,1
8028,3
8029,1
8030,1
8031,4
8032,1
8033,4
8034,1
8035,1
8036,4
8037,2
8038,1
8039,1
8040,1
8041,1
8042,1
8043,1
8044,1
8045,1
8046,1
8047,1
8048,1
8049,2
8050,1
8051,4
8052,4
8053,1
8054,1
8055,4
8056,1
8057,1
8058,1
8059,3
8060,4
8061,4
8062,5
8063,4
8064,4
8065,1
8066,1
8067,5
8068,2
8069,1
8070,1
8071,1
8072,1
8073,1
8074,4
8075,4
8076,3
8077,4
8078,4
8079,4
8080,1
8081,1
8082,4
8083,1
8084,4
8085,4
8086,3
8087,3
8088,1
8089,1
8090,4
8091,4
8092,4
8093,1
8094,1
8095,1
8096,1
8097,1
8098,1
8099,1
8100,3
8101,1
8102,1
8103,2
8104,4
8105,1
8106,4
8107,1
8108,1
8109,1
8110,1
8111,1
8112,5
8113,1
8114,2
8115,1
8116,4
8117,4
8118,1
8119,3
8120,1
8121,1
8122,4
8123,1
8124,4
8125,1
8126,4
8127,1
8128,1
8129,1
8130,1
8131,1
8132,1
8133,5
8134,1
8135,1
8136,5
8137,1
8138,1
8139,1
8140,1
8141,1
8142,1
8143,4
8144,1
8145,2
8146,1
8147,5
8148,4
8149,1
8150,1
8151,4
8152,3
8153,4
8154,2
8155,1
8156,1
8157,4
8158,1
8159,3
8160,1
8161,1
8162,5
8163,2
8164,1
8165,1
8166,5
8167,1
8168,4
8169,4
8170,1
8171,1
8172,4
8173,1
8174,5
8175,1
8176,1
8177,1
8178,1
8179,4
8180,1
8181,1
8182,4
8183,1
8184,4
8185,4
8186,1
8187,1
8188,1
8189,1
8190,1
8191,2
8192,4
8193,4
8194,1
8195,1
8196,1
8197,1
8198,5
8199,1
8200,1
8201,1
8202,4
8203,4
8204,1
8205,1
8206,3
8207,3
8208,4
8209,1
8210,1
8211,1
8212,1
8213,1
8214,5
8215,1
8216,4
8217,1
8218,1
8219,1
8220,1
8221,4
8222,4
8223,4
8224,4
8225,3
8226,1
8227,1
8228,4
8229,1
8230,1
8231,1
8232,1
8233,1
8234,1
8235,1
8236,4
8237,2
8238,1
8239,1
8240,1
8241,3
8242,1
8243,1
8244,2
8245,1
8246,1
8247,1
8248,2
8249,1
8250,4
8251,1
8252,4
8253,1
8254,1
8255,4
8256,2
8257,4
8258,4
8259,1
8260,1
8261,4
8262,4
8263,4
8264,5
8265,3
8266,4
8267,3
8268,1
8269,1
8270,4
8271,2
8272,1
8273,4
8274,1
8275,1
8276,4
8277,1
8278,1
8279,1
8280,1
8281,1
8282,1
8283,1
8284,5
8285,1
8286,1
8287,4
8288,4
8289,1
8290,4
8291,1
8292,1
8293,1
8294,1
8295,2
8296,4
8297,1
8298,1
8299,1
8300,1
8301,4
8302,1
8303,2
8304,1
8305,1
8306,4
8307,2
8308,4
8309,1
8310,4
8311,4
8312,4
8313,1
8314,4
8315,1
8316,1
8317,4
8318,1
8319,1
8320,1
8321,4
8322,4
8323,1
8324,4
8325,1
8326,5
8327,1
8328,1
8329,1
8330,1
8331,1
8332,1
8333,1
8334,1
8335,1
8336,4
8337,4
8338,4
8339,1
8340,1
8341,1
8342,1
8343,1
8344,4
8345,3
8346,4
8347,2
8348,1
8349,1
8350,1
8351,4
8352,3
8353,1
8354,4
8355,4
8356,4
8357,1
8358,4
8359,4
8360,1
8361,4
8362,1
8363,1
8364,1
8365,1
8366,1
8367,1
8368,1
8369,2
8370,1
8371,4
8372,1
8373,2
8374,1
8375,1
8376,5
8377,1
8378,1
8379,1
8380,2
8381,5
8382,1
8383,1
8384,1
8385,1
8386,1
8387,1
8388,5
8389,1
8390,4
8391,1
8392,4
8393,1
8394,1
8395,1
8396,1
8397,2
8398,1
8399,1
8400,1
8401,1
8402,1
8403,1
8404,2
8405,4
8406,1
8407,1
8408,5
8409,1
8410,2
8411,1
8412,1
8413,1
8414,5
8415,1
8416,1
8417,5
8418,1
8419,4
8420,4
8421,1
8422,1
8423,1
8424,4
8425,1
8426,1
8427,4
8428,1
8429,3
8430,4
8431,1
8432,4
8433,4
8434,1
8435,1
8436,1
8437,4
8438,1
8439,1
8440,3
8441,1
8442,4
8443,1
8444,1
8445,2
8446,4
8447,1
8448,5
8449,1
8450,1
8451,1
8452,1
8453,1
8454,1
8455,1
8456,1
8457,1
8458,1
8459,1
8460,1
8461,1
8462,1
8463,5
8464,1
8465,1
8466,1
8467,1
8468,3
8469,2
8470,1
8471,1
8472,4
8473,2
8474,1
8475,3
8476,1
8477,4
8478,1
8479,4
8480,1
8481,1
8482,2
8483,1
8484,4
8485,1
8486,5
8487,1
8488,1
8489,4
8490,3
8491,4
8492,1
8493,1
8494,4
8495,4
8496,2
8497,1
8498,1
8499,1
8500,2
8501,1
8502,1
8503,1
8504,1
8505,2
8506,1
8507,1
8508,4
8509,3
8510,1
8511,1
8512,1
8513,5
8514,1
8515,4
8516,1
8517,1
8518,1
8519,4
8520,1
8521,2
8522,1
8523,1
8524,1
8525,4
8526,1
8527,1
8528,1
8529,3
8530,1
8531,2
8532,1
8533,4
8534,1
8535,1
8536,1
8537,4
8538,4
8539,1
8540,1
8541,1
8542,1
8543,5
8544,4
8545,1
8546,3
8547,1
8548,1
8549,1
8550,1
8551,3
8552,4
8553,1
8554,1
8555,1
8556,1
8557,1
8558,1
8559,1
8560,1
8561,1
8562,1
8563,5
8564,1
8565,4
8566,1
8567,2
8568,1
8569,1
8570,1
8571,1
8572,1
8573,1
8574,1
8575,4
8576,4
8577,3
8578,1
8579,1
8580,4
8581,4
8582,1
8583,1
8584,1
8585,5
8586,4
8587,4
8588,4
8589,2
8590,1
8591,1
8592,1
8593,1
8594,1
8595,4
8596,2
8597,1
8598,1
8599,2
8600,1
8601,1
8602,1
8603,1
8604,4
8605,1
8606,4
8607,5
8608,4
8609,1
8610,1
8611,1
8612,1
8613,1
8614,2
8615,1
8616,1
8617,1
8618,1
8619,4
8620,1
8621,1
8622,2
8623,1
8624,1
8625,4
8626,1
8627,1
8628,4
8629,5
8630,1
8631,1
8632,1
8633,1
8634,1
8635,4
8636,1
8637,5
8638,1
8639,1
8640,1
8641,4
8642,1
8643,5
8644,4
8645,2
8646,1
8647,1
8648,4
8649,1
8650,1
8651,5
8652,2
8653,2
8654,2
8655,1
8656,1
8657,5
8658,4
8659,1
8660,1
8661,2
8662,1
8663,4
8664,2
8665,1
8666,1
8667,1
8668,1
8669,5
8670,4
8671,1
8672,4
8673,1
8674,4
8675,1
8676,4
8677,2
8678,1
8679,1
8680,4
8681,4
8682,1
8683,1
8684,1
8685,1
8686,4
8687,1
8688,2
8689,2
8690,1
8691,1
8692,1
8693,2
8694,1
8695,4
8696,1
8697,3
8698,4
8699,2
8700,4
8701,4
8702,2
8703,2
8704,2
8705,2
8706,4
8707,1
8708,1
8709,4
8710,1
8711,3
8712,5
8713,4
8714,2
8715,1
8716,4
8717,1
8718,2
8719,1
8720,1
8721,4
8722,1
8723,3
8724,5
8725,1
8726,4
8727,1
8728,4
8729,4
8730,4
8731,1
8732,2
8733,2
8734,2
8735,2
8736,5
8737,5
8738,1
8739,5
8740,2
8741,4
8742,5
8743,1
8744,2
8745,5
8746,1
8747,4
8748,4
8749,5
8750,4
8751,2
8752,2
8753,4
8754,1
8755,2
8756,5
8757,5
8758,4
8759,4
8760,1
8761,4
8762,5
8763,2
8764,2
8765,3
8766,5
8767,4
8768,4
8769,4
8770,2
8771,4
8772,5
8773,2
8774,1
8775,2
8776,4
8777,4
8778,2
8779,3
8780,3
8781,1
8782,1
8783,3
8784,2
8785,4
8786,2
8787,2
8788,2
8789,2
8790,4
8791,2
8792,5
8793,1
8794,1
8795,4
8796,5
8797,1
8798,4
8799,5
8800,1
8801,1
8802,1
8803,2
8804,2
8805,2
8806,2
8807,2
8808,4
8809,2
8810,2
8811,1
8812,1
8813,4
8814,2
8815,2
8816,1
8817,2
8818,1
8819,4
8820,4
8821,1
8822,4
8823,2
8824,2
8825,3
8826,5
8827,4
8828,4
8829,2
8830,2
8831,2
8832,2
8833,2
8834,4
8835,2
8836,3
8837,1
8838,2
8839,4
8840,1
8841,1
8842,2
8843,2
8844,4
8845,5
8846,1
8847,2
8848,2
8849,1
8850,2
8851,5
8852,2
8853,3
8854,2
8855,2
8856,4
8857,2
8858,2
8859,4
8860,2
8861,2
8862,2
8863,4
8864,2
8865,1
8866,2
8867,1
8868,4
8869,2
8870,2
8871,2
8872,2
8873,1
8874,4
8875,1
8876,5
8877,1
8878,1
8879,2
8880,5
8881,1
8882,1
8883,2
8884,1
8885,2
8886,4
8887,4
8888,2
8889,2
8890,2
8891,1
8892,2
8893,4
8894,2
8895,1
8896,5
8897,3
8898,2
8899,1
8900,1
8901,2
8902,2
8903,2
8904,1
8905,3
8906,1
8907,1
8908,1
8909,2
8910,2
8911,1
8912,1
8913,2
8914,1
8915,1
8916,1
8917,1
8918,1
8919,1
8920,1
